/*
 Navicat Premium Data Transfer

 Source Server         : localhost
 Source Server Type    : MySQL
 Source Server Version : 80012
 Source Host           : localhost:3306
 Source Schema         : hostmonitor

 Target Server Type    : MySQL
 Target Server Version : 80012
 File Encoding         : 65001

 Date: 07/04/2020 16:32:04
*/

SET NAMES utf8mb4;
SET FOREIGN_KEY_CHECKS = 0;

-- ----------------------------
-- Table structure for app_info
-- ----------------------------
DROP TABLE IF EXISTS `app_info`;
CREATE TABLE `app_info`  (
  `ID` char(32) CHARACTER SET utf8 COLLATE utf8_general_ci NOT NULL,
  `HOST_NAME` char(30) CHARACTER SET utf8 COLLATE utf8_general_ci NULL DEFAULT NULL,
  `APP_PID` char(200) CHARACTER SET utf8 COLLATE utf8_general_ci NULL DEFAULT NULL,
  `CREATE_TIME` timestamp(0) NULL DEFAULT NULL,
  `APP_NAME` varchar(50) CHARACTER SET utf8 COLLATE utf8_general_ci NULL DEFAULT NULL,
  `CPU_PER` double(8, 2) NULL DEFAULT NULL,
  `MEM_PER` double(10, 2) NULL DEFAULT NULL,
  `APP_TYPE` char(1) CHARACTER SET utf8 COLLATE utf8_general_ci NULL DEFAULT NULL,
  `STATE` char(1) CHARACTER SET utf8 COLLATE utf8_general_ci NULL DEFAULT NULL,
  PRIMARY KEY (`ID`) USING BTREE
) ENGINE = InnoDB CHARACTER SET = utf8 COLLATE = utf8_general_ci ROW_FORMAT = Dynamic;

-- ----------------------------
-- Records of app_info
-- ----------------------------
INSERT INTO `app_info` VALUES ('1f1dc7aa15c94434a6d3b36d8f983b26', '192.168.1.2', '3896', '2020-04-03 14:16:53', 'adobe', 0.00, 1.00, '1', '2');
INSERT INTO `app_info` VALUES ('3f8dc9c3e29f43d6a10d5498a4d54280', '192.168.1.2', '4084', '2020-04-03 14:16:53', 'flash', 0.00, 8.00, '1', '2');
INSERT INTO `app_info` VALUES ('d86e75918e044f93b1d20ac27c887b57', '192.168.1.2', '7068', '2020-04-07 08:30:21', 'anydesk', 0.00, 3.00, '1', '1');

-- ----------------------------
-- Table structure for app_state
-- ----------------------------
DROP TABLE IF EXISTS `app_state`;
CREATE TABLE `app_state`  (
  `ID` char(32) CHARACTER SET utf8 COLLATE utf8_general_ci NOT NULL,
  `APP_INFO_ID` char(32) CHARACTER SET utf8 COLLATE utf8_general_ci NULL DEFAULT NULL,
  `CPU_PER` double(8, 2) NULL DEFAULT NULL,
  `MEM_PER` double(10, 2) NULL DEFAULT NULL,
  `CREATE_TIME` timestamp(0) NULL DEFAULT NULL,
  PRIMARY KEY (`ID`) USING BTREE,
  INDEX `APP_STAT_INDEX`(`APP_INFO_ID`, `CREATE_TIME`) USING BTREE
) ENGINE = InnoDB CHARACTER SET = utf8 COLLATE = utf8_general_ci ROW_FORMAT = Dynamic;

-- ----------------------------
-- Records of app_state
-- ----------------------------
INSERT INTO `app_state` VALUES ('0311b1d64d3c4f76b209e72db66e21d0', 'd86e75918e044f93b1d20ac27c887b57', 0.00, 3.00, '2020-04-07 08:27:21');
INSERT INTO `app_state` VALUES ('05d3df0dbd10490c8c22e08e92a328db', 'd86e75918e044f93b1d20ac27c887b57', 0.00, 3.00, '2020-04-07 08:13:18');
INSERT INTO `app_state` VALUES ('066c552f9a6c4c70a42002214320a161', '1f1dc7aa15c94434a6d3b36d8f983b26', 0.00, 1.00, '2020-04-03 14:09:23');
INSERT INTO `app_state` VALUES ('0775af5ac4f046d7a180a664f6d5b779', 'd86e75918e044f93b1d20ac27c887b57', 0.00, 3.00, '2020-04-07 07:35:56');
INSERT INTO `app_state` VALUES ('089755d33c1840a194cdb1fc7372e9ea', 'd86e75918e044f93b1d20ac27c887b57', 0.00, 27.00, '2020-04-07 03:42:55');
INSERT INTO `app_state` VALUES ('08e902b4bf204e2e9fd11634c96b7185', 'd86e75918e044f93b1d20ac27c887b57', 0.00, 3.00, '2020-04-07 07:51:07');
INSERT INTO `app_state` VALUES ('0bc077447d2b4a65a26f7223133164c4', 'd86e75918e044f93b1d20ac27c887b57', 0.00, 3.00, '2020-04-07 06:24:40');
INSERT INTO `app_state` VALUES ('0d4a4dfa9e5144348a23a8df52964950', 'd86e75918e044f93b1d20ac27c887b57', 0.00, 27.00, '2020-04-07 03:41:08');
INSERT INTO `app_state` VALUES ('0feca811329f4dd2962d56163196ae58', 'd86e75918e044f93b1d20ac27c887b57', 0.00, 3.00, '2020-04-07 07:38:56');
INSERT INTO `app_state` VALUES ('1058fde32bef4d6c8a04fe34802073a1', 'd86e75918e044f93b1d20ac27c887b57', 0.00, 3.00, '2020-04-07 06:51:40');
INSERT INTO `app_state` VALUES ('14b19f92dd3143e3b5c5b08806322463', 'd86e75918e044f93b1d20ac27c887b57', 0.00, 26.00, '2020-04-07 03:58:02');
INSERT INTO `app_state` VALUES ('180c62bf92674638a1fdea35b41360be', 'd86e75918e044f93b1d20ac27c887b57', 0.00, 3.00, '2020-04-07 07:17:10');
INSERT INTO `app_state` VALUES ('1a9a92f458fb4eaca6801fd733d89971', 'd86e75918e044f93b1d20ac27c887b57', 0.00, 4.00, '2020-04-07 05:16:52');
INSERT INTO `app_state` VALUES ('1d744f37a94245789a116f75abac5c36', 'd86e75918e044f93b1d20ac27c887b57', 0.00, 3.00, '2020-04-07 06:29:10');
INSERT INTO `app_state` VALUES ('1d77c3ec9e08464b86c1080f093a9968', 'd86e75918e044f93b1d20ac27c887b57', 0.00, 4.00, '2020-04-07 05:25:23');
INSERT INTO `app_state` VALUES ('22c882e1c4604efe80be571a3ac3f163', 'd86e75918e044f93b1d20ac27c887b57', 0.00, 3.00, '2020-04-07 07:08:10');
INSERT INTO `app_state` VALUES ('232897b382e44a878a604c16f89044ed', '3f8dc9c3e29f43d6a10d5498a4d54280', 0.00, 8.00, '2020-04-03 14:13:53');
INSERT INTO `app_state` VALUES ('247de22b7d804552b8b9ebe5cd8e7ce8', 'd86e75918e044f93b1d20ac27c887b57', 0.00, 36.00, '2020-04-03 14:06:11');
INSERT INTO `app_state` VALUES ('2769415558004e9eb203074dbf2ac265', 'd86e75918e044f93b1d20ac27c887b57', 0.00, 27.00, '2020-04-07 03:38:48');
INSERT INTO `app_state` VALUES ('2ad3af3336b542e0b3d3dc05026ab146', 'd86e75918e044f93b1d20ac27c887b57', 0.00, 27.00, '2020-04-07 03:05:03');
INSERT INTO `app_state` VALUES ('2cdac45630c74c61aa36768c24f1f364', 'd86e75918e044f93b1d20ac27c887b57', 0.00, 3.00, '2020-04-07 06:36:40');
INSERT INTO `app_state` VALUES ('32edecb3414f4976b3ded2a5fbed917e', 'd86e75918e044f93b1d20ac27c887b57', 0.00, 27.00, '2020-04-07 03:21:06');
INSERT INTO `app_state` VALUES ('365b2123509d45f88eb729215d52f2a1', 'd86e75918e044f93b1d20ac27c887b57', 0.00, 3.00, '2020-04-07 07:55:37');
INSERT INTO `app_state` VALUES ('3824cfdd18404c94a224a56e7c6e453e', 'd86e75918e044f93b1d20ac27c887b57', 0.00, 3.00, '2020-04-07 08:21:21');
INSERT INTO `app_state` VALUES ('38592237fc8d495b9fd05cdd717d5f9b', 'd86e75918e044f93b1d20ac27c887b57', 0.00, 4.00, '2020-04-07 05:44:09');
INSERT INTO `app_state` VALUES ('3cd5627e135c4389880b5b507d55ca01', 'd86e75918e044f93b1d20ac27c887b57', 0.00, 36.00, '2020-04-03 14:04:34');
INSERT INTO `app_state` VALUES ('42abcc32c9be4f1c87dde4bcbf1593e6', 'd86e75918e044f93b1d20ac27c887b57', 0.00, 3.00, '2020-04-07 06:33:40');
INSERT INTO `app_state` VALUES ('43406a9968344f668042415c681ba527', 'd86e75918e044f93b1d20ac27c887b57', 0.00, 3.00, '2020-04-07 06:50:10');
INSERT INTO `app_state` VALUES ('4514b1f3084c40b3a4bf40fad4a8f22b', 'd86e75918e044f93b1d20ac27c887b57', 0.00, 3.00, '2020-04-07 07:18:40');
INSERT INTO `app_state` VALUES ('46ada605bbeb4a1e9aa3917ffaf216d2', 'd86e75918e044f93b1d20ac27c887b57', 0.00, 3.00, '2020-04-07 07:03:40');
INSERT INTO `app_state` VALUES ('47136f7c736147708863fca99f7d71b4', 'd86e75918e044f93b1d20ac27c887b57', 0.00, 4.00, '2020-04-07 05:38:51');
INSERT INTO `app_state` VALUES ('4898b314c3224f2783754ee0f742c3e7', 'd86e75918e044f93b1d20ac27c887b57', 0.00, 3.00, '2020-04-07 07:49:37');
INSERT INTO `app_state` VALUES ('4957c379e06d498d9a26997aad5eaf6f', 'd86e75918e044f93b1d20ac27c887b57', 0.00, 4.00, '2020-04-07 05:09:30');
INSERT INTO `app_state` VALUES ('4acddbe3072d423098dbec4910575b81', 'd86e75918e044f93b1d20ac27c887b57', 0.00, 36.00, '2020-04-03 14:10:53');
INSERT INTO `app_state` VALUES ('4d2c18ed413d43d5934c73bcd96bd5d0', 'd86e75918e044f93b1d20ac27c887b57', 0.00, 3.00, '2020-04-07 06:30:40');
INSERT INTO `app_state` VALUES ('4f5f762b3cbe479f90c21195899764aa', 'd86e75918e044f93b1d20ac27c887b57', 0.00, 27.00, '2020-04-07 03:22:17');
INSERT INTO `app_state` VALUES ('51e9b8295a5045a7b5257a8523547d27', 'd86e75918e044f93b1d20ac27c887b57', 0.00, 3.00, '2020-04-07 08:30:21');
INSERT INTO `app_state` VALUES ('539c1b27b97848d5803a83f4b9c6ffe5', 'd86e75918e044f93b1d20ac27c887b57', 0.00, 3.00, '2020-04-07 08:22:51');
INSERT INTO `app_state` VALUES ('54b2b9955a68477bab1c746a49d1f1d8', 'd86e75918e044f93b1d20ac27c887b57', 0.00, 36.00, '2020-04-03 14:09:23');
INSERT INTO `app_state` VALUES ('58879b29ab4b47ad82f02bc6da35121f', 'd86e75918e044f93b1d20ac27c887b57', 0.00, 3.00, '2020-04-07 06:56:10');
INSERT INTO `app_state` VALUES ('5ad661c8c052439190caa83bebac616f', 'd86e75918e044f93b1d20ac27c887b57', 0.00, 3.00, '2020-04-07 07:44:56');
INSERT INTO `app_state` VALUES ('5fe9cce732df498db4da72730cde5a86', 'd86e75918e044f93b1d20ac27c887b57', 0.00, 3.00, '2020-04-07 07:24:40');
INSERT INTO `app_state` VALUES ('6020181b20a1484da8daf8758cf22692', 'd86e75918e044f93b1d20ac27c887b57', 0.00, 27.00, '2020-04-07 03:47:32');
INSERT INTO `app_state` VALUES ('61ad2f9844ee4a3cbb04002a95d41943', 'd86e75918e044f93b1d20ac27c887b57', 0.00, 3.00, '2020-04-07 07:12:40');
INSERT INTO `app_state` VALUES ('64815e7a13bc41439b2748beebac51e7', 'd86e75918e044f93b1d20ac27c887b57', 0.00, 3.00, '2020-04-07 07:02:10');
INSERT INTO `app_state` VALUES ('65b2b91528cb4607992b5dbb3b8c3044', 'd86e75918e044f93b1d20ac27c887b57', 0.00, 27.00, '2020-04-07 03:19:36');
INSERT INTO `app_state` VALUES ('65bf1f36f490461baad485c848bf86ab', 'd86e75918e044f93b1d20ac27c887b57', 0.00, 4.00, '2020-04-07 05:11:00');
INSERT INTO `app_state` VALUES ('65cadd8a45254bb3b922bbd0ddc2f8ef', 'd86e75918e044f93b1d20ac27c887b57', 0.00, 3.00, '2020-04-07 06:42:40');
INSERT INTO `app_state` VALUES ('6610cc405f044b838d591e38cb5995e4', 'd86e75918e044f93b1d20ac27c887b57', 0.00, 3.00, '2020-04-07 06:59:10');
INSERT INTO `app_state` VALUES ('669af2497d21402d9126f6a57cc19d09', 'd86e75918e044f93b1d20ac27c887b57', 0.00, 4.00, '2020-04-07 05:15:30');
INSERT INTO `app_state` VALUES ('6762873d05ce4390bf8a0d75506ac46c', 'd86e75918e044f93b1d20ac27c887b57', 0.00, 36.00, '2020-04-03 14:13:53');
INSERT INTO `app_state` VALUES ('6809a41ff5be4e588776f7f88fd548c8', 'd86e75918e044f93b1d20ac27c887b57', 0.00, 3.00, '2020-04-07 07:59:48');
INSERT INTO `app_state` VALUES ('698e54dd428642f884945393b9e3dd10', 'd86e75918e044f93b1d20ac27c887b57', 0.00, 3.00, '2020-04-07 07:15:40');
INSERT INTO `app_state` VALUES ('69a3ecf9e0754d1793a779a29a612239', 'd86e75918e044f93b1d20ac27c887b57', 0.00, 3.00, '2020-04-07 07:41:56');
INSERT INTO `app_state` VALUES ('6af5d154cd634dc499fc3ca022a77f19', 'd86e75918e044f93b1d20ac27c887b57', 0.00, 3.00, '2020-04-07 07:29:10');
INSERT INTO `app_state` VALUES ('6f84df9271a24e38b8e355de5e80faf4', 'd86e75918e044f93b1d20ac27c887b57', 0.00, 3.00, '2020-04-07 08:11:48');
INSERT INTO `app_state` VALUES ('7471bc8d3540448db5e234525d088975', 'd86e75918e044f93b1d20ac27c887b57', 0.00, 4.00, '2020-04-07 05:26:36');
INSERT INTO `app_state` VALUES ('75d59ec8a616490e8187df52072fc3c7', 'd86e75918e044f93b1d20ac27c887b57', 0.00, 3.00, '2020-04-07 08:04:18');
INSERT INTO `app_state` VALUES ('763cc89bdc0c4d90a1064e29a92dbe27', 'd86e75918e044f93b1d20ac27c887b57', 0.00, 27.00, '2020-04-07 03:23:47');
INSERT INTO `app_state` VALUES ('771515f6c3f043118ea2f59d2b97c326', 'd86e75918e044f93b1d20ac27c887b57', 0.00, 29.00, '2020-04-07 03:01:35');
INSERT INTO `app_state` VALUES ('7769c27ca7d74e0291e2f82a98a489b3', 'd86e75918e044f93b1d20ac27c887b57', 0.00, 4.00, '2020-04-07 05:41:51');
INSERT INTO `app_state` VALUES ('7892cd05199144078a1a83ca0a221a70', 'd86e75918e044f93b1d20ac27c887b57', 0.00, 26.00, '2020-04-07 03:55:02');
INSERT INTO `app_state` VALUES ('7993efe8774b44bc9e83df4b0a77913f', 'd86e75918e044f93b1d20ac27c887b57', 0.00, 3.00, '2020-04-07 08:28:51');
INSERT INTO `app_state` VALUES ('7e6284163f4a431cbb4a2c1279cbe3ce', 'd86e75918e044f93b1d20ac27c887b57', 0.00, 3.00, '2020-04-07 07:05:10');
INSERT INTO `app_state` VALUES ('7ec8ddce9c734134a59e2715aab29926', 'd86e75918e044f93b1d20ac27c887b57', 0.00, 3.00, '2020-04-07 07:06:40');
INSERT INTO `app_state` VALUES ('7f5ad5aa4b014990bba972add01fb279', 'd86e75918e044f93b1d20ac27c887b57', 0.00, 3.00, '2020-04-07 08:17:48');
INSERT INTO `app_state` VALUES ('813fde8a15454dc28f9b21e323459446', 'd86e75918e044f93b1d20ac27c887b57', 0.00, 27.00, '2020-04-07 03:06:33');
INSERT INTO `app_state` VALUES ('82e73d0769744a048e5c6e2a4778c995', 'd86e75918e044f93b1d20ac27c887b57', 0.00, 27.00, '2020-04-07 03:03:05');
INSERT INTO `app_state` VALUES ('844ca5a7f7a048c0a2a035364355aee1', 'd86e75918e044f93b1d20ac27c887b57', 0.00, 3.00, '2020-04-07 07:57:07');
INSERT INTO `app_state` VALUES ('84fb098f61124fe0902c2e4b4a0fb5ec', 'd86e75918e044f93b1d20ac27c887b57', 0.00, 27.00, '2020-04-07 03:49:02');
INSERT INTO `app_state` VALUES ('8564eeabc70c4ca7a4daef4fa9b0e685', 'd86e75918e044f93b1d20ac27c887b57', 0.00, 32.00, '2020-04-07 02:57:05');
INSERT INTO `app_state` VALUES ('8589e9e29c63462da09037b8d57a6f6c', 'd86e75918e044f93b1d20ac27c887b57', 0.00, 36.00, '2020-04-03 14:03:04');
INSERT INTO `app_state` VALUES ('8711bd7ab0474bf19191406bd4662dba', 'd86e75918e044f93b1d20ac27c887b57', 0.00, 4.00, '2020-04-07 05:08:00');
INSERT INTO `app_state` VALUES ('89ef250a2f2f43ec846cd80c11455bdb', 'd86e75918e044f93b1d20ac27c887b57', 0.00, 3.00, '2020-04-07 08:01:18');
INSERT INTO `app_state` VALUES ('8a5258487a40449c90edde6e01d8db33', 'd86e75918e044f93b1d20ac27c887b57', 0.00, 3.00, '2020-04-07 06:53:10');
INSERT INTO `app_state` VALUES ('8d0176d5a93e4ece8215700d4f17c513', 'd86e75918e044f93b1d20ac27c887b57', 0.00, 3.00, '2020-04-07 07:52:37');
INSERT INTO `app_state` VALUES ('8d05a5ac25f54daf996c0605213147da', 'd86e75918e044f93b1d20ac27c887b57', 0.00, 4.00, '2020-04-07 05:21:29');
INSERT INTO `app_state` VALUES ('8e1bcf96687c4ad9869d3a7376f6f942', 'd86e75918e044f93b1d20ac27c887b57', 0.00, 3.00, '2020-04-07 08:24:21');
INSERT INTO `app_state` VALUES ('8f5548fc81394c499b45df5da7a30b39', 'd86e75918e044f93b1d20ac27c887b57', 0.00, 3.00, '2020-04-07 06:39:40');
INSERT INTO `app_state` VALUES ('9233e10ae99c4787badd41d31655e5ea', 'd86e75918e044f93b1d20ac27c887b57', 0.00, 27.00, '2020-04-07 03:35:48');
INSERT INTO `app_state` VALUES ('94b23b297a244b66b1aea359f3002a14', 'd86e75918e044f93b1d20ac27c887b57', 0.00, 4.00, '2020-04-07 05:22:59');
INSERT INTO `app_state` VALUES ('95c1c5fe93ad49ae8536ae8452f2912d', 'd86e75918e044f93b1d20ac27c887b57', 0.00, 3.00, '2020-04-07 07:11:10');
INSERT INTO `app_state` VALUES ('980187e545164235ba96781199bd54c9', 'd86e75918e044f93b1d20ac27c887b57', 0.00, 3.00, '2020-04-07 06:45:40');
INSERT INTO `app_state` VALUES ('996a928ada7f4083811e277c6864722d', 'd86e75918e044f93b1d20ac27c887b57', 0.00, 3.00, '2020-04-07 06:48:40');
INSERT INTO `app_state` VALUES ('99c651087e2840c0b778930245e02dd8', '3f8dc9c3e29f43d6a10d5498a4d54280', 0.00, 8.00, '2020-04-03 14:09:23');
INSERT INTO `app_state` VALUES ('9ddd268b86e24cdeb5c1f935194327c8', 'd86e75918e044f93b1d20ac27c887b57', 0.00, 36.00, '2020-04-03 13:45:44');
INSERT INTO `app_state` VALUES ('9e04b44c5e6a4545b77ace3faa1d2554', 'd86e75918e044f93b1d20ac27c887b57', 0.00, 3.00, '2020-04-07 08:25:51');
INSERT INTO `app_state` VALUES ('9ea6dc1fa3914ad380758aa486664f07', 'd86e75918e044f93b1d20ac27c887b57', 0.00, 27.00, '2020-04-07 03:44:18');
INSERT INTO `app_state` VALUES ('a0ad172af09044d0a84add069a8169c6', 'd86e75918e044f93b1d20ac27c887b57', 0.00, 37.00, '2020-04-03 13:44:14');
INSERT INTO `app_state` VALUES ('a0ca1674c21941eb9fbb46f25f7f2e16', '3f8dc9c3e29f43d6a10d5498a4d54280', 0.00, 8.00, '2020-04-03 14:16:53');
INSERT INTO `app_state` VALUES ('a36f28193384440c9ccab7056a0c7319', 'd86e75918e044f93b1d20ac27c887b57', 0.00, 27.00, '2020-04-07 03:37:18');
INSERT INTO `app_state` VALUES ('a4687356d6334b5f83e8d8f83786344b', 'd86e75918e044f93b1d20ac27c887b57', 0.00, 3.00, '2020-04-07 06:41:10');
INSERT INTO `app_state` VALUES ('a6b183f02b5d498c8f9ab2ad28a854df', 'd86e75918e044f93b1d20ac27c887b57', 0.00, 3.00, '2020-04-07 08:19:18');
INSERT INTO `app_state` VALUES ('a963b8c54e42450fa92acc11d138eb69', 'd86e75918e044f93b1d20ac27c887b57', 0.00, 27.00, '2020-04-07 03:50:32');
INSERT INTO `app_state` VALUES ('a9b926afe1354407aa81e2fbb8e66c6a', 'd86e75918e044f93b1d20ac27c887b57', 0.00, 3.00, '2020-04-07 08:16:18');
INSERT INTO `app_state` VALUES ('aa0a5d9df0894a3e9f01f5b269cbca2a', 'd86e75918e044f93b1d20ac27c887b57', 0.00, 4.00, '2020-04-07 05:06:30');
INSERT INTO `app_state` VALUES ('ab2be92abd004db998fd04f7e037c8eb', 'd86e75918e044f93b1d20ac27c887b57', 0.00, 36.00, '2020-04-03 13:47:14');
INSERT INTO `app_state` VALUES ('ac883df1e857476d9fd98df0fd2736c8', 'd86e75918e044f93b1d20ac27c887b57', 0.00, 3.00, '2020-04-07 07:40:26');
INSERT INTO `app_state` VALUES ('b0b8448fc800404a893520ca30ab7ba4', 'd86e75918e044f93b1d20ac27c887b57', 0.00, 4.00, '2020-04-07 05:05:00');
INSERT INTO `app_state` VALUES ('b259e991647145bf8cd669f3199bf1a4', 'd86e75918e044f93b1d20ac27c887b57', 0.00, 3.00, '2020-04-07 06:47:10');
INSERT INTO `app_state` VALUES ('b454abb02b4448fc8663aaefcea96acf', 'd86e75918e044f93b1d20ac27c887b57', 0.00, 3.00, '2020-04-07 06:54:40');
INSERT INTO `app_state` VALUES ('b55e2f41943a4c11bf80b953b4afc08e', '1f1dc7aa15c94434a6d3b36d8f983b26', 0.00, 1.00, '2020-04-03 14:16:53');
INSERT INTO `app_state` VALUES ('b961b4f3e5bd4128803464c2491a8570', 'd86e75918e044f93b1d20ac27c887b57', 0.00, 3.00, '2020-04-07 06:23:10');
INSERT INTO `app_state` VALUES ('ba06726f88a744c28148e58bcc4b542e', 'd86e75918e044f93b1d20ac27c887b57', 0.00, 27.00, '2020-04-07 03:53:32');
INSERT INTO `app_state` VALUES ('ba189dbe3522468599350331232c1765', 'd86e75918e044f93b1d20ac27c887b57', 0.00, 3.00, '2020-04-07 06:32:10');
INSERT INTO `app_state` VALUES ('bb1cb464fb184a2299d16dc68bf039fb', 'd86e75918e044f93b1d20ac27c887b57', 0.00, 31.00, '2020-04-07 03:00:05');
INSERT INTO `app_state` VALUES ('bc16e59bb6d44a60af19baf430cf1d1e', 'd86e75918e044f93b1d20ac27c887b57', 0.00, 3.00, '2020-04-07 08:10:18');
INSERT INTO `app_state` VALUES ('bc8d810920db4776aaa70be315f37420', '1f1dc7aa15c94434a6d3b36d8f983b26', 0.00, 1.00, '2020-04-03 14:13:53');
INSERT INTO `app_state` VALUES ('bd07e6caf1dd49d382ca4e59ad4df06b', 'd86e75918e044f93b1d20ac27c887b57', 0.00, 3.00, '2020-04-07 06:35:10');
INSERT INTO `app_state` VALUES ('c2f5e73ea0a7457bae62cebf0cc060c3', 'd86e75918e044f93b1d20ac27c887b57', 0.00, 4.00, '2020-04-07 05:18:20');
INSERT INTO `app_state` VALUES ('c37b0663c1bd40ec90dc2ff603088574', 'd86e75918e044f93b1d20ac27c887b57', 0.00, 26.00, '2020-04-07 03:59:32');
INSERT INTO `app_state` VALUES ('c3cc5e42246148c2a0c0acc0f543e8bc', '3f8dc9c3e29f43d6a10d5498a4d54280', 0.00, 8.00, '2020-04-03 14:10:53');
INSERT INTO `app_state` VALUES ('c55b89558a5e42a8bf254c1e0c022bab', 'd86e75918e044f93b1d20ac27c887b57', 0.00, 3.00, '2020-04-07 07:20:10');
INSERT INTO `app_state` VALUES ('c635d9e84af14794acb528053f2abd21', 'd86e75918e044f93b1d20ac27c887b57', 0.00, 3.00, '2020-04-07 07:21:40');
INSERT INTO `app_state` VALUES ('c6f5fdd1264b44fd8038b1ac27a4c297', '3f8dc9c3e29f43d6a10d5498a4d54280', 0.00, 8.00, '2020-04-03 14:12:23');
INSERT INTO `app_state` VALUES ('c837a5329b834d5096073d409a555294', '3f8dc9c3e29f43d6a10d5498a4d54280', 0.00, 8.00, '2020-04-03 14:15:23');
INSERT INTO `app_state` VALUES ('ca8caefc67a54e68bd6b41231e6e6f2e', 'd86e75918e044f93b1d20ac27c887b57', 0.00, 3.00, '2020-04-07 08:07:18');
INSERT INTO `app_state` VALUES ('cb8aa906dba44e50ba2fe6cc5a75678f', 'd86e75918e044f93b1d20ac27c887b57', 0.00, 36.00, '2020-04-03 14:15:23');
INSERT INTO `app_state` VALUES ('cdcd3f0e9dd94c6da86d34ad94c9ba7b', '1f1dc7aa15c94434a6d3b36d8f983b26', 0.00, 1.00, '2020-04-03 14:10:53');
INSERT INTO `app_state` VALUES ('d0350f1cd31f4a29ac87d51e4bc22549', 'd86e75918e044f93b1d20ac27c887b57', 0.00, 36.00, '2020-04-03 14:01:34');
INSERT INTO `app_state` VALUES ('d04cf2b930e740b0b6ffd96f12c18a99', 'd86e75918e044f93b1d20ac27c887b57', 0.00, 32.00, '2020-04-07 02:58:35');
INSERT INTO `app_state` VALUES ('d411dbe8924a4561b3791f42aa7a09bb', 'd86e75918e044f93b1d20ac27c887b57', 0.00, 3.00, '2020-04-07 07:30:40');
INSERT INTO `app_state` VALUES ('d4532a7310af4536b3b2bffb73290703', 'd86e75918e044f93b1d20ac27c887b57', 0.00, 36.00, '2020-04-03 14:12:23');
INSERT INTO `app_state` VALUES ('dbbca24b1b3745bb98992bdd96017b3e', 'd86e75918e044f93b1d20ac27c887b57', 0.00, 3.00, '2020-04-07 06:38:10');
INSERT INTO `app_state` VALUES ('dc4bac6bab8f4f8d846cdf86c18a3461', 'd86e75918e044f93b1d20ac27c887b57', 0.00, 4.00, '2020-04-07 05:28:06');
INSERT INTO `app_state` VALUES ('dc672c13346c4c60819b00b2d2b32661', 'd86e75918e044f93b1d20ac27c887b57', 0.00, 36.00, '2020-04-03 14:16:53');
INSERT INTO `app_state` VALUES ('e595778df29c4f1d8bb809168a836b60', 'd86e75918e044f93b1d20ac27c887b57', 0.00, 3.00, '2020-04-07 07:26:10');
INSERT INTO `app_state` VALUES ('e6ba48b6b29d42f699e2578caced86ec', 'd86e75918e044f93b1d20ac27c887b57', 0.00, 36.00, '2020-04-03 13:48:44');
INSERT INTO `app_state` VALUES ('e8113cc780974bb3af2b16863324cb90', 'd86e75918e044f93b1d20ac27c887b57', 0.00, 3.00, '2020-04-07 07:54:07');
INSERT INTO `app_state` VALUES ('ec070d656b2d465e8e40ed07a5868d95', 'd86e75918e044f93b1d20ac27c887b57', 0.00, 3.00, '2020-04-07 07:23:10');
INSERT INTO `app_state` VALUES ('ec8a89ad4afe4a44bc22e14090dbeae9', 'd86e75918e044f93b1d20ac27c887b57', 0.00, 4.00, '2020-04-07 05:14:00');
INSERT INTO `app_state` VALUES ('ef7f718cf812443ca500c728d4b9f3fd', '1f1dc7aa15c94434a6d3b36d8f983b26', 0.00, 1.00, '2020-04-03 14:15:23');
INSERT INTO `app_state` VALUES ('f040a7c7ebd34cdb9595b63fdc6da42b', 'd86e75918e044f93b1d20ac27c887b57', 0.00, 4.00, '2020-04-07 05:12:30');
INSERT INTO `app_state` VALUES ('f19cb7f46ff24f05aa0683ee7ec85bcb', 'd86e75918e044f93b1d20ac27c887b57', 0.00, 3.00, '2020-04-07 07:32:10');
INSERT INTO `app_state` VALUES ('f2df26cd329640fb8ec7ed1789fc0a49', 'd86e75918e044f93b1d20ac27c887b57', 0.00, 3.00, '2020-04-07 07:46:37');
INSERT INTO `app_state` VALUES ('f3524efd444e4a82853516d5f8ec67ac', 'd86e75918e044f93b1d20ac27c887b57', 0.00, 27.00, '2020-04-07 03:34:18');
INSERT INTO `app_state` VALUES ('f75f14447de14bad80306d29d97f34f6', '1f1dc7aa15c94434a6d3b36d8f983b26', 0.00, 1.00, '2020-04-03 14:12:23');
INSERT INTO `app_state` VALUES ('fa93eaafe36f4bebbfe381025f3fd170', 'd86e75918e044f93b1d20ac27c887b57', 0.00, 3.00, '2020-04-07 07:27:40');
INSERT INTO `app_state` VALUES ('ff00e561e50b43968e07ed8b4c9afade', 'd86e75918e044f93b1d20ac27c887b57', 0.00, 3.00, '2020-04-07 06:44:10');
INSERT INTO `app_state` VALUES ('ff9f21687cc147809335cbb8b504729b', 'd86e75918e044f93b1d20ac27c887b57', 0.00, 27.00, '2020-04-07 03:52:02');

-- ----------------------------
-- Table structure for cpu_state
-- ----------------------------
DROP TABLE IF EXISTS `cpu_state`;
CREATE TABLE `cpu_state`  (
  `ID` char(32) CHARACTER SET utf8 COLLATE utf8_general_ci NOT NULL,
  `HOST_NAME` char(30) CHARACTER SET utf8 COLLATE utf8_general_ci NULL DEFAULT NULL,
  `USER` char(30) CHARACTER SET utf8 COLLATE utf8_general_ci NULL DEFAULT NULL,
  `SYS` double(8, 2) NULL DEFAULT NULL,
  `IDLE` double(8, 2) NULL DEFAULT NULL,
  `IOWAIT` double(8, 2) NULL DEFAULT NULL,
  `IRQ` char(30) CHARACTER SET utf8 COLLATE utf8_general_ci NULL DEFAULT NULL,
  `SOFT` char(30) CHARACTER SET utf8 COLLATE utf8_general_ci NULL DEFAULT NULL,
  `DATE_STR` char(30) CHARACTER SET utf8 COLLATE utf8_general_ci NULL DEFAULT NULL,
  `CREATE_TIME` timestamp(0) NULL DEFAULT NULL,
  PRIMARY KEY (`ID`) USING BTREE,
  INDEX `CPU_ACC_HOST_INDEX`(`HOST_NAME`, `CREATE_TIME`) USING BTREE
) ENGINE = InnoDB CHARACTER SET = utf8 COLLATE = utf8_general_ci ROW_FORMAT = Dynamic;

-- ----------------------------
-- Records of cpu_state
-- ----------------------------
INSERT INTO `cpu_state` VALUES ('024a1ac6843249899456f4094da40715', '192.168.1.2', NULL, 15.20, 84.70, 0.00, NULL, NULL, '04-07 15:21:40', '2020-04-07 07:21:40');
INSERT INTO `cpu_state` VALUES ('0396ce142b184e61bafb15467092e8bf', '192.168.1.2', NULL, 17.00, 82.90, 0.00, NULL, NULL, '04-03 12:28:06', '2020-04-03 12:28:06');
INSERT INTO `cpu_state` VALUES ('03b4fa57424a4990b42ce85d22a18a9e', '192.168.1.2', NULL, 12.80, 87.10, 0.00, NULL, NULL, '04-03 12:59:36', '2020-04-03 12:59:36');
INSERT INTO `cpu_state` VALUES ('05bbbf0107174548b54fb53f48424a18', '192.168.1.2', NULL, 18.60, 81.30, 0.00, NULL, NULL, '04-03 12:56:36', '2020-04-03 12:56:36');
INSERT INTO `cpu_state` VALUES ('07207a909ba74305b11a7a2b1951c663', '192.168.1.2', NULL, 19.30, 80.60, 0.00, NULL, NULL, '04-07 14:56:10', '2020-04-07 06:56:10');
INSERT INTO `cpu_state` VALUES ('0aa39b02a85744cd926f4366097d12a5', '192.168.1.2', NULL, 14.40, 85.50, 0.00, NULL, NULL, '04-07 15:52:37', '2020-04-07 07:52:37');
INSERT INTO `cpu_state` VALUES ('0acb9f2810304b31a95c828cda04baf2', '192.168.1.2', NULL, 13.50, 86.40, 0.00, NULL, NULL, '04-07 16:19:18', '2020-04-07 08:19:18');
INSERT INTO `cpu_state` VALUES ('0da0226d197e4e0f88e9f5ae31d8ebf7', '192.168.1.2', NULL, 21.10, 78.80, 0.00, NULL, NULL, '04-07 15:54:07', '2020-04-07 07:54:07');
INSERT INTO `cpu_state` VALUES ('0f7ea9a4eb644bb4854f4d597e5f6b70', '192.168.1.2', NULL, 23.50, 76.30, 0.00, NULL, NULL, '04-03 11:55:34', '2020-04-03 11:55:34');
INSERT INTO `cpu_state` VALUES ('0ff96dec68b9448389927459dc23b752', '192.168.1.2', NULL, 20.50, 79.40, 0.00, NULL, NULL, '04-03 11:37:58', '2020-04-03 11:37:58');
INSERT INTO `cpu_state` VALUES ('10f629cc057443128104cf26f59a8172', '192.168.1.2', NULL, 7.80, 92.20, 0.00, NULL, NULL, '04-07 11:34:18', '2020-04-07 03:34:18');
INSERT INTO `cpu_state` VALUES ('11e6ca5a267c4c14b8711bb066ed3050', '192.168.1.2', NULL, 16.60, 83.30, 0.00, NULL, NULL, '04-03 12:23:36', '2020-04-03 12:23:36');
INSERT INTO `cpu_state` VALUES ('12cf66f90e4c477baca2d5fbbcf77295', '192.168.1.2', NULL, 12.80, 87.10, 0.00, NULL, NULL, '04-07 15:51:07', '2020-04-07 07:51:07');
INSERT INTO `cpu_state` VALUES ('1404aa3f56ff4452bc36bed46905d4c8', '192.168.1.2', NULL, 20.40, 79.50, 0.00, NULL, NULL, '04-03 11:33:28', '2020-04-03 11:33:28');
INSERT INTO `cpu_state` VALUES ('140bfb8a647c43beacc3ee2cdd531bc5', '192.168.1.2', NULL, 13.30, 86.60, 0.00, NULL, NULL, '04-07 11:47:32', '2020-04-07 03:47:32');
INSERT INTO `cpu_state` VALUES ('150e5eaf36f94bdca7235bd11b2f2410', '192.168.1.2', NULL, 37.90, 62.00, 0.00, NULL, NULL, '04-07 16:16:18', '2020-04-07 08:16:18');
INSERT INTO `cpu_state` VALUES ('15a6310066ef4292a3986e6250f2ec34', '192.168.1.2', NULL, 16.30, 83.70, 0.00, NULL, NULL, '04-03 12:43:06', '2020-04-03 12:43:06');
INSERT INTO `cpu_state` VALUES ('1a6ff42bb3904ac58b9ce03c557f7a8e', '192.168.1.2', NULL, 2.40, 97.60, 0.00, NULL, NULL, '04-07 13:05:00', '2020-04-07 05:05:00');
INSERT INTO `cpu_state` VALUES ('1b41406c5b004635aa936b4bc17c2992', '192.168.1.2', NULL, 31.30, 68.60, 0.00, NULL, NULL, '04-07 11:00:05', '2020-04-07 03:00:05');
INSERT INTO `cpu_state` VALUES ('1b5d9bb309aa4ce2bc06d69ebf9269f1', '192.168.1.2', NULL, 27.20, 72.80, 0.00, NULL, NULL, '04-03 12:10:06', '2020-04-03 12:10:06');
INSERT INTO `cpu_state` VALUES ('1baedef400ab4926b95bc49766b34ff7', '192.168.1.2', NULL, 20.70, 79.20, 0.00, NULL, NULL, '04-07 11:03:05', '2020-04-07 03:03:05');
INSERT INTO `cpu_state` VALUES ('1c5764eb6f7d416aae286e7d0e8955a4', '192.168.1.2', NULL, 18.80, 81.10, 0.00, NULL, NULL, '04-03 13:23:12', '2020-04-03 13:23:12');
INSERT INTO `cpu_state` VALUES ('1f658bc29b184e618cf4965db2e9053b', '192.168.1.2', NULL, 10.90, 89.00, 0.00, NULL, NULL, '04-07 13:21:29', '2020-04-07 05:21:29');
INSERT INTO `cpu_state` VALUES ('213e3aefbdf94cf79770e609497334bd', '192.168.1.2', NULL, 17.70, 82.20, 0.00, NULL, NULL, '04-03 12:03:47', '2020-04-03 12:03:47');
INSERT INTO `cpu_state` VALUES ('21aa234236d946548f24c5e546293cce', '192.168.1.2', NULL, 26.50, 73.50, 0.00, NULL, NULL, '04-03 14:09:23', '2020-04-03 14:09:23');
INSERT INTO `cpu_state` VALUES ('224cbd79564d427eac93780c934abc60', '192.168.1.2', NULL, 23.70, 76.20, 0.00, NULL, NULL, '04-07 11:55:02', '2020-04-07 03:55:02');
INSERT INTO `cpu_state` VALUES ('2299110b881a4bc1b8f3182aff1f2e00', '192.168.1.2', NULL, 21.90, 78.00, 0.00, NULL, NULL, '04-07 11:52:02', '2020-04-07 03:52:02');
INSERT INTO `cpu_state` VALUES ('22c2de1e0b114a0896d103ac4fe7fced', '192.168.1.2', NULL, 12.60, 87.50, 0.00, NULL, NULL, '04-03 11:57:47', '2020-04-03 11:57:47');
INSERT INTO `cpu_state` VALUES ('22fdf6e1bdba4856a6116f1ea6f42e11', '192.168.1.2', NULL, 21.30, 78.70, 0.00, NULL, NULL, '04-07 15:30:40', '2020-04-07 07:30:40');
INSERT INTO `cpu_state` VALUES ('26105f5b867a4243b468e95e4fb4f0b6', '192.168.1.2', NULL, 19.10, 80.80, 0.00, NULL, NULL, '04-03 11:47:27', '2020-04-03 11:47:27');
INSERT INTO `cpu_state` VALUES ('27fe09e4db744761a03f174d79583bf9', '192.168.1.2', NULL, 13.60, 86.30, 0.00, NULL, NULL, '04-07 13:06:30', '2020-04-07 05:06:30');
INSERT INTO `cpu_state` VALUES ('28d2e11492ac4538b3bea8ec57cf6aa5', '192.168.1.2', NULL, 27.10, 72.80, 0.00, NULL, NULL, '04-03 11:44:27', '2020-04-03 11:44:27');
INSERT INTO `cpu_state` VALUES ('2986816c501b493bba700d806fce779e', '192.168.1.2', NULL, 14.60, 85.30, 0.00, NULL, NULL, '04-07 13:08:00', '2020-04-07 05:08:00');
INSERT INTO `cpu_state` VALUES ('2afd22aa003941d4b0d63fac11ba3e2d', '192.168.1.2', NULL, 20.50, 79.40, 0.00, NULL, NULL, '04-03 12:00:47', '2020-04-03 12:00:47');
INSERT INTO `cpu_state` VALUES ('2b3916cb007842ca9e43a52f9e62a588', '192.168.1.2', NULL, 15.30, 84.60, 0.00, NULL, NULL, '04-07 16:11:48', '2020-04-07 08:11:48');
INSERT INTO `cpu_state` VALUES ('2e116f3204164f55acc52b9b46fad622', '192.168.1.2', NULL, 19.40, 80.50, 0.00, NULL, NULL, '04-03 13:30:42', '2020-04-03 13:30:42');
INSERT INTO `cpu_state` VALUES ('2e8bbadcffb046fb8903391d58596e3f', '192.168.1.2', NULL, 15.70, 84.30, 0.00, NULL, NULL, '04-07 16:30:21', '2020-04-07 08:30:21');
INSERT INTO `cpu_state` VALUES ('2fac65b46fd74478bdfc515f9bfa91f6', '192.168.1.2', NULL, 12.30, 87.60, 0.00, NULL, NULL, '04-07 15:18:40', '2020-04-07 07:18:40');
INSERT INTO `cpu_state` VALUES ('32040af5c28a4fc185efcd6bfa211961', '192.168.1.2', NULL, 19.70, 80.20, 0.00, NULL, NULL, '04-07 16:10:18', '2020-04-07 08:10:18');
INSERT INTO `cpu_state` VALUES ('32dbd7e1802b440baab162ffc288cc62', '192.168.1.2', NULL, 24.80, 75.10, 0.00, NULL, NULL, '04-03 14:01:34', '2020-04-03 14:01:34');
INSERT INTO `cpu_state` VALUES ('3366c95fecc647f090a001c0efc3f477', '192.168.1.2', NULL, 16.40, 83.60, 0.00, NULL, NULL, '04-03 12:08:36', '2020-04-03 12:08:36');
INSERT INTO `cpu_state` VALUES ('34b880ebd8744e4a9764d814a6b19db7', '192.168.1.2', NULL, 18.40, 81.50, 0.00, NULL, NULL, '04-07 15:15:40', '2020-04-07 07:15:40');
INSERT INTO `cpu_state` VALUES ('34d429fe82ca44ddbb0293fdecbc5230', '192.168.1.2', NULL, 12.40, 87.50, 0.00, NULL, NULL, '04-07 14:38:10', '2020-04-07 06:38:10');
INSERT INTO `cpu_state` VALUES ('359e589304d246fe9906c861bfc2d3d6', '192.168.1.2', NULL, 20.20, 79.80, 0.00, NULL, NULL, '04-07 13:25:23', '2020-04-07 05:25:23');
INSERT INTO `cpu_state` VALUES ('35bfb6dba73240dbafc3935b6a7eac22', '192.168.1.2', NULL, 13.00, 86.90, 0.00, NULL, NULL, '04-07 14:45:40', '2020-04-07 06:45:40');
INSERT INTO `cpu_state` VALUES ('35d19005d89843c1925112f8f26106d1', '192.168.1.2', NULL, 19.50, 80.40, 0.00, NULL, NULL, '04-07 16:13:18', '2020-04-07 08:13:18');
INSERT INTO `cpu_state` VALUES ('374db5e6ba3b4e729c56dc9db9cd5855', '192.168.1.2', NULL, 17.30, 82.60, 0.00, NULL, NULL, '04-03 12:46:06', '2020-04-03 12:46:06');
INSERT INTO `cpu_state` VALUES ('38c4e916aa75421ca86c7c7ae5f5ebc7', '192.168.1.2', NULL, 21.50, 78.40, 0.00, NULL, NULL, '04-07 15:27:40', '2020-04-07 07:27:40');
INSERT INTO `cpu_state` VALUES ('3b953d24ad094d509a605859f47e01a5', '192.168.1.2', NULL, 13.60, 86.30, 0.00, NULL, NULL, '04-07 14:48:40', '2020-04-07 06:48:40');
INSERT INTO `cpu_state` VALUES ('3c361115419c4467abe843f48b25bd39', '192.168.1.2', NULL, 26.00, 73.90, 0.00, NULL, NULL, '04-07 15:02:10', '2020-04-07 07:02:10');
INSERT INTO `cpu_state` VALUES ('3cfae442bdfb49da8ced68c3dbd3e330', '192.168.1.2', NULL, 29.70, 70.20, 0.00, NULL, NULL, '04-03 11:41:27', '2020-04-03 11:41:27');
INSERT INTO `cpu_state` VALUES ('3e38ca75c443483a84c0ec969110cda6', '192.168.1.2', NULL, 23.30, 76.60, 0.00, NULL, NULL, '04-03 11:36:28', '2020-04-03 11:36:28');
INSERT INTO `cpu_state` VALUES ('401cecc061f34c59bad1771d86194ea7', '192.168.1.2', NULL, 14.00, 85.90, 0.00, NULL, NULL, '04-07 15:20:10', '2020-04-07 07:20:10');
INSERT INTO `cpu_state` VALUES ('40809d2b487a415aa6353ba3b864be0f', '192.168.1.2', NULL, 12.00, 87.90, 0.00, NULL, NULL, '04-07 13:22:59', '2020-04-07 05:22:59');
INSERT INTO `cpu_state` VALUES ('40a671f2a23e421484c9bb6bed430767', '192.168.1.2', NULL, 34.90, 65.00, 0.00, NULL, NULL, '04-03 11:39:28', '2020-04-03 11:39:28');
INSERT INTO `cpu_state` VALUES ('410c1657d5194d7d9a661f31bfceaff7', '192.168.1.2', NULL, 22.70, 77.20, 0.00, NULL, NULL, '04-07 11:06:33', '2020-04-07 03:06:33');
INSERT INTO `cpu_state` VALUES ('4233cd8e2a274e28a73b1d2c5629cddc', '192.168.1.2', NULL, 4.70, 95.30, 0.00, NULL, NULL, '04-07 11:42:55', '2020-04-07 03:42:55');
INSERT INTO `cpu_state` VALUES ('43a6f8f751734a54afec849b2f3d21e6', '192.168.1.2', NULL, 17.10, 82.80, 0.00, NULL, NULL, '04-03 12:40:06', '2020-04-03 12:40:06');
INSERT INTO `cpu_state` VALUES ('43f98105d191410a8b93f59c2ba88d68', '192.168.1.2', NULL, 17.30, 82.60, 0.00, NULL, NULL, '04-07 15:57:07', '2020-04-07 07:57:07');
INSERT INTO `cpu_state` VALUES ('457140244bf0418184678bc1e9a51047', '192.168.1.2', NULL, 19.00, 80.90, 0.00, NULL, NULL, '04-03 11:31:58', '2020-04-03 11:31:58');
INSERT INTO `cpu_state` VALUES ('457406088c4d4e138c8f0323afc59515', '192.168.1.2', NULL, 18.40, 81.50, 0.00, NULL, NULL, '04-03 13:01:06', '2020-04-03 13:01:06');
INSERT INTO `cpu_state` VALUES ('47e641e136f14a34ae248e9cc8588b8b', '192.168.1.2', NULL, 26.40, 73.50, 0.00, NULL, NULL, '04-07 13:41:51', '2020-04-07 05:41:51');
INSERT INTO `cpu_state` VALUES ('4c312a2959b741eebd3aa1df2df52373', '192.168.1.2', NULL, 32.40, 67.50, 0.00, NULL, NULL, '04-07 16:07:18', '2020-04-07 08:07:18');
INSERT INTO `cpu_state` VALUES ('4e95473b2f484fccb1d83dac5814c63c', '192.168.1.2', NULL, 22.10, 77.80, 0.00, NULL, NULL, '04-03 12:53:36', '2020-04-03 12:53:36');
INSERT INTO `cpu_state` VALUES ('4f900f9e32a44552b2a36e8307f56062', '192.168.1.2', NULL, 17.10, 82.80, 0.00, NULL, NULL, '04-03 14:12:23', '2020-04-03 14:12:23');
INSERT INTO `cpu_state` VALUES ('50d0dc191e7c4d108639ea935b919518', '192.168.1.2', NULL, 16.10, 83.80, 0.00, NULL, NULL, '04-07 16:28:51', '2020-04-07 08:28:51');
INSERT INTO `cpu_state` VALUES ('515d58f282b94755acfdd37675838d31', '192.168.1.2', NULL, 20.30, 79.60, 0.00, NULL, NULL, '04-07 11:22:17', '2020-04-07 03:22:17');
INSERT INTO `cpu_state` VALUES ('51ccd1f67dab41a589cea2f5e18a96ad', '192.168.1.2', NULL, 18.00, 81.90, 0.00, NULL, NULL, '04-03 12:44:36', '2020-04-03 12:44:36');
INSERT INTO `cpu_state` VALUES ('5237b308ae434039b6d9c619ca10bfd1', '192.168.1.2', NULL, 15.50, 84.40, 0.00, NULL, NULL, '04-07 11:23:47', '2020-04-07 03:23:47');
INSERT INTO `cpu_state` VALUES ('55f112a630d94c06813c9c46883dbf72', '192.168.1.2', NULL, 20.30, 79.60, 0.00, NULL, NULL, '04-07 16:04:18', '2020-04-07 08:04:18');
INSERT INTO `cpu_state` VALUES ('5afad9558ea74d69a3e3522aeeaba2b9', '192.168.1.2', NULL, 3.10, 96.90, 0.00, NULL, NULL, '04-07 13:44:09', '2020-04-07 05:44:09');
INSERT INTO `cpu_state` VALUES ('605451b16929488eb1d1d51f8f0b8aa1', '192.168.1.2', NULL, 19.00, 80.90, 0.00, NULL, NULL, '04-07 16:17:48', '2020-04-07 08:17:48');
INSERT INTO `cpu_state` VALUES ('615c85943b3a43e495b168dd7d6958f7', '192.168.1.2', NULL, 22.40, 77.50, 0.00, NULL, NULL, '04-07 15:06:40', '2020-04-07 07:06:40');
INSERT INTO `cpu_state` VALUES ('62f863d5fabc45e2aa5a6b120941d577', '192.168.1.2', NULL, 16.30, 83.70, 0.00, NULL, NULL, '04-03 12:14:36', '2020-04-03 12:14:36');
INSERT INTO `cpu_state` VALUES ('64132d8e33e345ffbaa695a009bfb632', '192.168.1.2', NULL, 20.10, 79.80, 0.00, NULL, NULL, '04-03 13:04:06', '2020-04-03 13:04:06');
INSERT INTO `cpu_state` VALUES ('649055b0247e491fb135da19bb787df6', '192.168.1.2', NULL, 9.60, 90.30, 0.00, NULL, NULL, '04-07 10:58:35', '2020-04-07 02:58:35');
INSERT INTO `cpu_state` VALUES ('64ef7078f7344117b3020f9d6ed2a3d9', '192.168.1.2', NULL, 20.80, 79.10, 0.00, NULL, NULL, '04-07 15:03:40', '2020-04-07 07:03:40');
INSERT INTO `cpu_state` VALUES ('64fa47732b9644bd85a194784bfad1e2', '192.168.1.2', NULL, 18.10, 81.90, 0.00, NULL, NULL, '04-03 14:04:34', '2020-04-03 14:04:34');
INSERT INTO `cpu_state` VALUES ('65b8946673dc488dad1e6cdeaa9abcd5', '192.168.1.2', NULL, 23.40, 76.50, 0.00, NULL, NULL, '04-03 11:59:17', '2020-04-03 11:59:17');
INSERT INTO `cpu_state` VALUES ('66583edc1dd14375876c650a3b22c3c4', '192.168.1.2', NULL, 24.30, 75.70, 0.00, NULL, NULL, '04-07 14:23:10', '2020-04-07 06:23:10');
INSERT INTO `cpu_state` VALUES ('682106c82c5849f6ae1cdac1d5e3f581', '192.168.1.2', NULL, 18.60, 81.30, 0.00, NULL, NULL, '04-07 15:08:10', '2020-04-07 07:08:10');
INSERT INTO `cpu_state` VALUES ('684201410224410485e4cb3b3f9c25d3', '192.168.1.2', NULL, 8.60, 91.40, 0.00, NULL, NULL, '04-03 11:51:04', '2020-04-03 11:51:04');
INSERT INTO `cpu_state` VALUES ('686a7eea1eab4330a0c3745ba5305196', '192.168.1.2', NULL, 46.80, 53.20, 0.00, NULL, NULL, '04-07 11:05:03', '2020-04-07 03:05:03');
INSERT INTO `cpu_state` VALUES ('68c1b50b300d4928adbc71e9648c344f', '192.168.1.2', NULL, 11.30, 88.60, 0.00, NULL, NULL, '04-07 14:44:10', '2020-04-07 06:44:10');
INSERT INTO `cpu_state` VALUES ('6b528f71389e43f1b4bdd386366c34ae', '192.168.1.2', NULL, 21.80, 78.10, 0.00, NULL, NULL, '04-03 13:18:47', '2020-04-03 13:18:47');
INSERT INTO `cpu_state` VALUES ('6d8ae6b419aa44d983ab3c36309bdd60', '192.168.1.2', NULL, 19.70, 80.20, 0.00, NULL, NULL, '04-03 13:35:14', '2020-04-03 13:35:14');
INSERT INTO `cpu_state` VALUES ('6db0d56a9f5b4af78a7effd322891041', '192.168.1.2', NULL, 10.90, 89.00, 0.00, NULL, NULL, '04-07 15:59:48', '2020-04-07 07:59:48');
INSERT INTO `cpu_state` VALUES ('6e93a88499af4bdeaed949036ddcfb39', '192.168.1.2', NULL, 16.60, 83.30, 0.00, NULL, NULL, '04-03 12:22:06', '2020-04-03 12:22:06');
INSERT INTO `cpu_state` VALUES ('6efe372b004147c9bafa6633135fb1f7', '192.168.1.2', NULL, 27.20, 72.70, 0.00, NULL, NULL, '04-07 13:28:06', '2020-04-07 05:28:06');
INSERT INTO `cpu_state` VALUES ('700ee9e622fc4b9aaf3b8fbb0807d2c1', '192.168.1.2', NULL, 25.90, 74.00, 0.00, NULL, NULL, '04-03 11:28:58', '2020-04-03 11:28:58');
INSERT INTO `cpu_state` VALUES ('71961139dec6437a93970a4a300324fd', '192.168.1.2', NULL, 23.40, 76.60, 0.00, NULL, NULL, '04-03 12:05:17', '2020-04-03 12:05:17');
INSERT INTO `cpu_state` VALUES ('73dd943d119646d7bc39ac0490fed687', '192.168.1.2', NULL, 14.10, 85.80, 0.00, NULL, NULL, '04-07 13:12:30', '2020-04-07 05:12:30');
INSERT INTO `cpu_state` VALUES ('744efcfe094a46d8806ea3420d0fcab6', '192.168.1.2', NULL, 24.10, 75.90, 0.00, NULL, NULL, '04-07 11:59:32', '2020-04-07 03:59:32');
INSERT INTO `cpu_state` VALUES ('7495d936eead4ec1a12c570f8f230305', '192.168.1.2', NULL, 22.00, 77.90, 0.00, NULL, NULL, '04-07 15:11:10', '2020-04-07 07:11:10');
INSERT INTO `cpu_state` VALUES ('75c39e737f1f42408c85102f1638cfbc', '192.168.1.2', NULL, 14.10, 85.90, 0.00, NULL, NULL, '04-03 13:14:25', '2020-04-03 13:14:25');
INSERT INTO `cpu_state` VALUES ('75e454f7b1164578b91cd4a4c9c4d386', '192.168.1.2', NULL, 14.00, 85.90, 0.00, NULL, NULL, '04-07 13:09:30', '2020-04-07 05:09:30');
INSERT INTO `cpu_state` VALUES ('76cb4220dbf1453dbc6de983e0864026', '192.168.1.2', NULL, 21.70, 78.30, 0.00, NULL, NULL, '04-07 14:59:10', '2020-04-07 06:59:10');
INSERT INTO `cpu_state` VALUES ('773adfb410db42aa9a81a5d10e2073b5', '192.168.1.2', NULL, 21.40, 78.50, 0.00, NULL, NULL, '04-03 11:34:58', '2020-04-03 11:34:58');
INSERT INTO `cpu_state` VALUES ('783a04f823a6467882e594b043b320d1', '192.168.1.2', NULL, 34.30, 65.60, 0.00, NULL, NULL, '04-07 14:50:10', '2020-04-07 06:50:10');
INSERT INTO `cpu_state` VALUES ('78e5d587df974bb6b55a431455f5c470', '192.168.1.2', NULL, 11.40, 88.50, 0.00, NULL, NULL, '04-07 11:37:18', '2020-04-07 03:37:18');
INSERT INTO `cpu_state` VALUES ('7a91fa64e89240129f09bffdb24ab00a', '192.168.1.2', NULL, 13.60, 86.30, 0.00, NULL, NULL, '04-07 14:47:10', '2020-04-07 06:47:10');
INSERT INTO `cpu_state` VALUES ('7b01fa29bd314c61824139e2d78bbbd7', '192.168.1.2', NULL, 12.80, 87.10, 0.00, NULL, NULL, '04-03 12:58:06', '2020-04-03 12:58:06');
INSERT INTO `cpu_state` VALUES ('7cb827bc0f1f4ab185ecf4a70942bee2', '192.168.1.2', NULL, 16.50, 83.40, 0.00, NULL, NULL, '04-03 12:38:36', '2020-04-03 12:38:36');
INSERT INTO `cpu_state` VALUES ('7cdb0218d3d245059e5306d770b9346d', '192.168.1.2', NULL, 16.00, 83.90, 0.00, NULL, NULL, '04-07 14:39:40', '2020-04-07 06:39:40');
INSERT INTO `cpu_state` VALUES ('7cfd8cbe962743a6a9fa32e2ba5458b3', '192.168.1.2', NULL, 13.90, 86.00, 0.00, NULL, NULL, '04-07 15:05:10', '2020-04-07 07:05:10');
INSERT INTO `cpu_state` VALUES ('7ec0b7f845274eefa1646374ffa5bd88', '192.168.1.2', NULL, 4.60, 95.30, 0.00, NULL, NULL, '04-07 13:26:36', '2020-04-07 05:26:36');
INSERT INTO `cpu_state` VALUES ('830cc98dbb9c4e1cb64f1d1bbb10e618', '192.168.1.2', NULL, 14.60, 85.30, 0.00, NULL, NULL, '04-07 14:53:10', '2020-04-07 06:53:10');
INSERT INTO `cpu_state` VALUES ('83ff8e54a2c4482bb16db29529b066a8', '192.168.1.2', NULL, 17.10, 82.80, 0.00, NULL, NULL, '04-03 12:35:36', '2020-04-03 12:35:36');
INSERT INTO `cpu_state` VALUES ('84598e27f05943a1b577983cf736f556', '192.168.1.2', NULL, 19.70, 80.20, 0.00, NULL, NULL, '04-03 13:26:12', '2020-04-03 13:26:12');
INSERT INTO `cpu_state` VALUES ('85630fed29f54080b2d8b40074a92a81', '192.168.1.2', NULL, 10.30, 89.60, 0.00, NULL, NULL, '04-07 11:21:06', '2020-04-07 03:21:06');
INSERT INTO `cpu_state` VALUES ('87781bf7cb9f433a82a1dc73de6e86f6', '192.168.1.2', NULL, 17.90, 82.00, 0.00, NULL, NULL, '04-03 12:17:36', '2020-04-03 12:17:36');
INSERT INTO `cpu_state` VALUES ('88975a4a2beb4474accc772dea78635d', '192.168.1.2', NULL, 22.10, 77.80, 0.00, NULL, NULL, '04-07 16:01:18', '2020-04-07 08:01:18');
INSERT INTO `cpu_state` VALUES ('8a0ef4ff45144415a3303dcf45f0c94f', '192.168.1.2', NULL, 19.30, 80.60, 0.00, NULL, NULL, '04-07 14:35:10', '2020-04-07 06:35:10');
INSERT INTO `cpu_state` VALUES ('8c6030510f1d419abfc22d625c67aa8e', '192.168.1.2', NULL, 17.90, 82.00, 0.00, NULL, NULL, '04-03 14:13:53', '2020-04-03 14:13:53');
INSERT INTO `cpu_state` VALUES ('8e6bd2b719d247f9a5878608da8aba82', '192.168.1.2', NULL, 25.00, 75.00, 0.00, NULL, NULL, '04-07 11:44:18', '2020-04-07 03:44:18');
INSERT INTO `cpu_state` VALUES ('8f592815ccb24b2cbc292a76bb024c43', '192.168.1.2', NULL, 9.20, 90.70, 0.00, NULL, NULL, '04-07 10:57:05', '2020-04-07 02:57:05');
INSERT INTO `cpu_state` VALUES ('9008ce7316244b508becf0eeb19c8a69', '192.168.1.2', NULL, 12.80, 87.10, 0.00, NULL, NULL, '04-07 13:14:00', '2020-04-07 05:14:00');
INSERT INTO `cpu_state` VALUES ('90198ae9194b4ab08dbedab80a13d427', '192.168.1.2', NULL, 32.80, 67.20, 0.00, NULL, NULL, '04-07 13:16:52', '2020-04-07 05:16:52');
INSERT INTO `cpu_state` VALUES ('90bd1164f1284a76b3b1458efd21ace8', '192.168.1.2', NULL, 19.70, 80.20, 0.00, NULL, NULL, '04-03 13:38:14', '2020-04-03 13:38:14');
INSERT INTO `cpu_state` VALUES ('90e4b36b459c479194cf0bae754f53d5', '192.168.1.2', NULL, 23.30, 76.60, 0.00, NULL, NULL, '04-07 15:55:37', '2020-04-07 07:55:37');
INSERT INTO `cpu_state` VALUES ('94d4610f9d7c4addae21ce2f5884b944', '192.168.1.2', NULL, 19.50, 80.40, 0.00, NULL, NULL, '04-07 15:32:10', '2020-04-07 07:32:10');
INSERT INTO `cpu_state` VALUES ('9755d79266c44efa9cfb9116ee070e70', '192.168.1.2', NULL, 17.50, 82.40, 0.00, NULL, NULL, '04-03 12:37:06', '2020-04-03 12:37:06');
INSERT INTO `cpu_state` VALUES ('98290b231f104b00ad02f288d08d8923', '192.168.1.2', NULL, 13.00, 86.90, 0.00, NULL, NULL, '04-07 15:23:10', '2020-04-07 07:23:10');
INSERT INTO `cpu_state` VALUES ('9832b93b6be94a2cb8360cec06904587', '192.168.1.2', NULL, 14.60, 85.30, 0.00, NULL, NULL, '04-07 14:33:40', '2020-04-07 06:33:40');
INSERT INTO `cpu_state` VALUES ('98700c79caa24f609768363eaaef629f', '192.168.1.2', NULL, 28.40, 71.50, 0.00, NULL, NULL, '04-03 13:17:17', '2020-04-03 13:17:17');
INSERT INTO `cpu_state` VALUES ('98e03202febe44929c04fae265a8f1a7', '192.168.1.2', NULL, 22.70, 77.20, 0.00, NULL, NULL, '04-03 12:55:06', '2020-04-03 12:55:06');
INSERT INTO `cpu_state` VALUES ('996126b7f0cb403bbb7eb7dbf6882375', '192.168.1.2', NULL, 24.40, 75.50, 0.00, NULL, NULL, '04-07 15:49:37', '2020-04-07 07:49:37');
INSERT INTO `cpu_state` VALUES ('9a0043063c064d3ab1e14535b19b0b28', '192.168.1.2', NULL, 17.40, 82.50, 0.00, NULL, NULL, '04-03 12:20:36', '2020-04-03 12:20:36');
INSERT INTO `cpu_state` VALUES ('9b5875f80a42493694989add5569b047', '192.168.1.2', NULL, 21.50, 78.40, 0.00, NULL, NULL, '04-03 13:24:42', '2020-04-03 13:24:42');
INSERT INTO `cpu_state` VALUES ('9bf3d39d1f314aa4b3ade8c1cdf84c43', '192.168.1.2', NULL, 28.60, 71.30, 0.00, NULL, NULL, '04-07 15:12:40', '2020-04-07 07:12:40');
INSERT INTO `cpu_state` VALUES ('9c3813fcb93f4a468acb1059f9be1306', '192.168.1.2', NULL, 17.00, 82.90, 0.00, NULL, NULL, '04-03 13:47:14', '2020-04-03 13:47:14');
INSERT INTO `cpu_state` VALUES ('9d2fe10620e04560997d5828377a459c', '192.168.1.2', NULL, 17.10, 82.80, 0.00, NULL, NULL, '04-03 13:33:44', '2020-04-03 13:33:44');
INSERT INTO `cpu_state` VALUES ('a0a0a63806194c19aa83f5fe19120c0d', '192.168.1.2', NULL, 16.50, 83.50, 0.00, NULL, NULL, '04-07 11:41:08', '2020-04-07 03:41:08');
INSERT INTO `cpu_state` VALUES ('a0c59f1ab1f5412a869e070df51c38eb', '192.168.1.2', NULL, 45.30, 54.60, 0.00, NULL, NULL, '04-07 15:35:56', '2020-04-07 07:35:56');
INSERT INTO `cpu_state` VALUES ('a3065c58bbc84d289f48d1fe3622cfd5', '192.168.1.2', NULL, 14.60, 85.30, 0.00, NULL, NULL, '04-07 14:51:40', '2020-04-07 06:51:40');
INSERT INTO `cpu_state` VALUES ('a3aff3f5ac2f4057b5752505e342d115', '192.168.1.2', NULL, 18.60, 81.30, 0.00, NULL, NULL, '04-07 14:32:10', '2020-04-07 06:32:10');
INSERT INTO `cpu_state` VALUES ('a970639fe788431eb233a6953a5221cb', '192.168.1.2', NULL, 23.90, 76.00, 0.00, NULL, NULL, '04-07 11:58:02', '2020-04-07 03:58:02');
INSERT INTO `cpu_state` VALUES ('aa61c804e3ad4f84b6740ae3e3d66c98', '192.168.1.2', NULL, 10.20, 89.70, 0.00, NULL, NULL, '04-07 16:22:51', '2020-04-07 08:22:51');
INSERT INTO `cpu_state` VALUES ('ab05bd43596247c38429ffc91ae01a5d', '192.168.1.2', NULL, 13.10, 86.80, 0.00, NULL, NULL, '04-03 13:44:14', '2020-04-03 13:44:14');
INSERT INTO `cpu_state` VALUES ('ae7cae0301594922b8a0325505d650c6', '192.168.1.2', NULL, 17.40, 82.50, 0.00, NULL, NULL, '04-07 15:24:40', '2020-04-07 07:24:40');
INSERT INTO `cpu_state` VALUES ('af88a7b0bb854b71b6f4ef02be6fa09a', '192.168.1.2', NULL, 14.30, 85.60, 0.00, NULL, NULL, '04-07 14:54:40', '2020-04-07 06:54:40');
INSERT INTO `cpu_state` VALUES ('b09d31a58b2242b9ba2bc6552bce9fd9', '192.168.1.2', NULL, 18.50, 81.40, 0.00, NULL, NULL, '04-03 12:26:36', '2020-04-03 12:26:36');
INSERT INTO `cpu_state` VALUES ('b1685acd9cc145fcaa02aa2e6954d5d3', '192.168.1.2', NULL, 18.30, 81.60, 0.00, NULL, NULL, '04-07 15:26:10', '2020-04-07 07:26:10');
INSERT INTO `cpu_state` VALUES ('b3be0f3c6fc84a5c949f4a47635cf59b', '192.168.1.2', NULL, 18.80, 81.10, 0.00, NULL, NULL, '04-03 11:27:28', '2020-04-03 11:27:28');
INSERT INTO `cpu_state` VALUES ('b75f4a4459b149feae2d4f32bf43e61d', '192.168.1.2', NULL, 20.20, 79.70, 0.00, NULL, NULL, '04-03 12:50:36', '2020-04-03 12:50:36');
INSERT INTO `cpu_state` VALUES ('b83b384a0c3a4b4ea5de73b14fd2a608', '192.168.1.2', NULL, 16.90, 83.10, 0.00, NULL, NULL, '04-03 12:02:17', '2020-04-03 12:02:17');
INSERT INTO `cpu_state` VALUES ('ba1a0fa44522453b8f241b00f40c43a1', '192.168.1.2', NULL, 17.00, 82.90, 0.00, NULL, NULL, '04-03 14:15:23', '2020-04-03 14:15:23');
INSERT INTO `cpu_state` VALUES ('badd0175c1c3405cb53a653c710b5abf', '192.168.1.2', NULL, 26.80, 73.10, 0.00, NULL, NULL, '04-03 11:54:04', '2020-04-03 11:54:04');
INSERT INTO `cpu_state` VALUES ('bba66bf411c54cd0b4bc3771a8ed76ba', '192.168.1.2', NULL, 10.10, 89.80, 0.00, NULL, NULL, '04-07 11:19:36', '2020-04-07 03:19:36');
INSERT INTO `cpu_state` VALUES ('bd8eac2fbad2440ebc17d096c109ecfd', '192.168.1.2', NULL, 20.30, 79.60, 0.00, NULL, NULL, '04-07 14:24:40', '2020-04-07 06:24:40');
INSERT INTO `cpu_state` VALUES ('bdd62886707c4407a80b719cfb19f729', '192.168.1.2', NULL, 19.40, 80.50, 0.00, NULL, NULL, '04-07 16:27:21', '2020-04-07 08:27:21');
INSERT INTO `cpu_state` VALUES ('bffbea327bae4560818079955531d3f9', '192.168.1.2', NULL, 30.70, 69.30, 0.00, NULL, NULL, '04-03 11:52:34', '2020-04-03 11:52:34');
INSERT INTO `cpu_state` VALUES ('c077d8157cff4da8b87da273a66681f9', '192.168.1.2', NULL, 12.40, 87.50, 0.00, NULL, NULL, '04-03 13:15:47', '2020-04-03 13:15:47');
INSERT INTO `cpu_state` VALUES ('c09e9ed01f8145fd9f527a78d5ab5c0d', '192.168.1.2', NULL, 16.60, 83.30, 0.00, NULL, NULL, '04-03 12:34:06', '2020-04-03 12:34:06');
INSERT INTO `cpu_state` VALUES ('c1c837e6b3994a219e156114f8730edc', '192.168.1.2', NULL, 29.80, 70.10, 0.00, NULL, NULL, '04-07 11:38:48', '2020-04-07 03:38:48');
INSERT INTO `cpu_state` VALUES ('c21e274e6d124680a0f24a150ecc08bf', '192.168.1.2', NULL, 25.70, 74.30, 0.00, NULL, NULL, '04-03 12:47:36', '2020-04-03 12:47:36');
INSERT INTO `cpu_state` VALUES ('c335b46e7d2c4b78919e0394992c41a4', '192.168.1.2', NULL, 14.10, 85.80, 0.00, NULL, NULL, '04-07 10:55:35', '2020-04-07 02:55:35');
INSERT INTO `cpu_state` VALUES ('c40c94aabb2a4cfc8735cc7fa979d7c0', '192.168.1.2', NULL, 23.50, 76.40, 0.00, NULL, NULL, '04-03 13:27:42', '2020-04-03 13:27:42');
INSERT INTO `cpu_state` VALUES ('c491ec9aaa164fbba5930aaffd9cda47', '192.168.1.2', NULL, 19.60, 80.30, 0.00, NULL, NULL, '04-03 14:10:53', '2020-04-03 14:10:53');
INSERT INTO `cpu_state` VALUES ('c6729feea1ad4ab58784ab76b57aedb5', '192.168.1.2', NULL, 17.90, 82.00, 0.00, NULL, NULL, '04-03 11:30:28', '2020-04-03 11:30:28');
INSERT INTO `cpu_state` VALUES ('c7a24e154ca1437d9d58ab2f75e00150', '192.168.1.2', NULL, 18.90, 81.00, 0.00, NULL, NULL, '04-07 14:29:10', '2020-04-07 06:29:10');
INSERT INTO `cpu_state` VALUES ('c7c4638cf04740a392d97dba19dea156', '192.168.1.2', NULL, 19.50, 80.50, 0.00, NULL, NULL, '04-03 14:06:11', '2020-04-03 14:06:11');
INSERT INTO `cpu_state` VALUES ('c816996cd91a4762b6bdb6669c18f0ca', '192.168.1.2', NULL, 16.70, 83.20, 0.00, NULL, NULL, '04-07 11:50:32', '2020-04-07 03:50:32');
INSERT INTO `cpu_state` VALUES ('c89fa9f58ac248c08ba8def3bd1b014e', '192.168.1.2', NULL, 11.00, 88.90, 0.00, NULL, NULL, '04-07 16:24:21', '2020-04-07 08:24:21');
INSERT INTO `cpu_state` VALUES ('c93e08f5b2d74527b1fb746dca4844c9', '192.168.1.2', NULL, 16.50, 83.40, 0.00, NULL, NULL, '04-03 14:03:04', '2020-04-03 14:03:04');
INSERT INTO `cpu_state` VALUES ('c95cb1d0992c465e843027e14ac4d6a2', '192.168.1.2', NULL, 17.40, 82.50, 0.00, NULL, NULL, '04-07 14:42:40', '2020-04-07 06:42:40');
INSERT INTO `cpu_state` VALUES ('c960b81e83cb4e0ab9ab6719f944ff12', '192.168.1.2', NULL, 15.10, 84.80, 0.00, NULL, NULL, '04-03 13:39:44', '2020-04-03 13:39:44');
INSERT INTO `cpu_state` VALUES ('cac5ded25c374be09dad5fd8d9cebb85', '192.168.1.2', NULL, 17.70, 82.20, 0.00, NULL, NULL, '04-07 15:40:26', '2020-04-07 07:40:26');
INSERT INTO `cpu_state` VALUES ('cbaea0e14a9f40eeb97baa01b78efb0e', '192.168.1.2', NULL, 18.10, 81.80, 0.00, NULL, NULL, '04-03 12:49:06', '2020-04-03 12:49:06');
INSERT INTO `cpu_state` VALUES ('cbe9285d76cf45548594d69f0b40e716', '192.168.1.2', NULL, 15.70, 84.20, 0.00, NULL, NULL, '04-07 16:25:51', '2020-04-07 08:25:51');
INSERT INTO `cpu_state` VALUES ('cc8f350e4b8c4cbda88d4d927821ff02', '192.168.1.2', NULL, 15.90, 84.00, 0.00, NULL, NULL, '04-03 12:25:06', '2020-04-03 12:25:06');
INSERT INTO `cpu_state` VALUES ('cfa75485b764478ab89ddfddc03cb132', '192.168.1.2', NULL, 15.70, 84.20, 0.00, NULL, NULL, '04-03 13:32:12', '2020-04-03 13:32:12');
INSERT INTO `cpu_state` VALUES ('d1e1079f919e446a94cd8a863e46b770', '192.168.1.2', NULL, 12.40, 87.60, 0.00, NULL, NULL, '04-07 13:38:51', '2020-04-07 05:38:51');
INSERT INTO `cpu_state` VALUES ('d310f92a71714b31be4a067602bf87c8', '192.168.1.2', NULL, 23.40, 76.50, 0.00, NULL, NULL, '04-07 14:36:40', '2020-04-07 06:36:40');
INSERT INTO `cpu_state` VALUES ('d36c6b9c296146d4994d82204a12d05c', '192.168.1.2', NULL, 17.40, 82.50, 0.00, NULL, NULL, '04-03 12:13:06', '2020-04-03 12:13:06');
INSERT INTO `cpu_state` VALUES ('d4173a75f6824dd9992b2ab6e03ff50b', '192.168.1.2', NULL, 16.90, 83.00, 0.00, NULL, NULL, '04-03 12:32:36', '2020-04-03 12:32:36');
INSERT INTO `cpu_state` VALUES ('d439ca9491e6412dad8934390ff453a8', '192.168.1.2', NULL, 38.70, 61.20, 0.00, NULL, NULL, '04-03 11:45:57', '2020-04-03 11:45:57');
INSERT INTO `cpu_state` VALUES ('d662718fdb26461bacda3d31a976bbbd', '192.168.1.2', NULL, 17.00, 82.90, 0.00, NULL, NULL, '04-07 14:30:40', '2020-04-07 06:30:40');
INSERT INTO `cpu_state` VALUES ('d7cbe246d4964711a062213009a7b3eb', '192.168.1.2', NULL, 23.40, 76.50, 0.00, NULL, NULL, '04-07 15:41:56', '2020-04-07 07:41:56');
INSERT INTO `cpu_state` VALUES ('dc8478a1f9b5467ba0e3037fe0443163', '192.168.1.2', NULL, 24.30, 75.70, 0.00, NULL, NULL, '04-07 10:54:05', '2020-04-07 02:54:05');
INSERT INTO `cpu_state` VALUES ('de78da81c59c4460bd6da7a81c3f1c05', '192.168.1.2', NULL, 17.00, 82.90, 0.00, NULL, NULL, '04-03 12:41:36', '2020-04-03 12:41:36');
INSERT INTO `cpu_state` VALUES ('e081bd5736ef4a23a0a3606240ac8b27', '192.168.1.2', NULL, 12.40, 87.50, 0.00, NULL, NULL, '04-03 13:41:14', '2020-04-03 13:41:14');
INSERT INTO `cpu_state` VALUES ('e0deb246bccb4f47a6137bd97ecf61b6', '192.168.1.2', NULL, 9.40, 90.60, 0.00, NULL, NULL, '04-03 11:24:24', '2020-04-03 11:24:24');
INSERT INTO `cpu_state` VALUES ('e4d1e5689e2748f88bb0fa929c45ff42', '192.168.1.2', NULL, 15.90, 84.00, 0.00, NULL, NULL, '04-03 12:31:06', '2020-04-03 12:31:06');
INSERT INTO `cpu_state` VALUES ('e5db7e2f4a114e4a8938f4f002ac1577', '192.168.1.2', NULL, 18.50, 81.40, 0.00, NULL, NULL, '04-07 11:49:02', '2020-04-07 03:49:02');
INSERT INTO `cpu_state` VALUES ('e6b3d87d077b4edbb1065f5fe7154c04', '192.168.1.2', NULL, 5.50, 94.50, 0.00, NULL, NULL, '04-03 13:20:12', '2020-04-03 13:20:12');
INSERT INTO `cpu_state` VALUES ('e776df78c9aa43bd89684f36e1d31ba9', '192.168.1.2', NULL, 19.00, 80.90, 0.00, NULL, NULL, '04-07 15:44:56', '2020-04-07 07:44:56');
INSERT INTO `cpu_state` VALUES ('e8509829bab74e16bd7745fab07ed8e9', '192.168.1.2', NULL, 17.80, 82.10, 0.00, NULL, NULL, '04-07 15:17:10', '2020-04-07 07:17:10');
INSERT INTO `cpu_state` VALUES ('e8df4e0f4d7a4fc7b312e23768f35618', '192.168.1.2', NULL, 15.30, 84.70, 0.00, NULL, NULL, '04-07 13:15:30', '2020-04-07 05:15:30');
INSERT INTO `cpu_state` VALUES ('ea654254136947a2b1d11533ca288056', '192.168.1.2', NULL, 24.00, 75.80, 0.00, NULL, NULL, '04-03 12:52:06', '2020-04-03 12:52:06');
INSERT INTO `cpu_state` VALUES ('eb26312e4b3e4c719ecf58d11b614f76', '192.168.1.2', NULL, 17.10, 82.80, 0.00, NULL, NULL, '04-07 15:46:37', '2020-04-07 07:46:37');
INSERT INTO `cpu_state` VALUES ('ec1e5ebab54244629c3cada47c26d808', '192.168.1.2', NULL, 19.10, 80.90, 0.00, NULL, NULL, '04-03 12:11:36', '2020-04-03 12:11:36');
INSERT INTO `cpu_state` VALUES ('efcc4389af3849efab360ea9ce4e61f1', '192.168.1.2', NULL, 18.00, 81.90, 0.00, NULL, NULL, '04-03 14:16:53', '2020-04-03 14:16:53');
INSERT INTO `cpu_state` VALUES ('f13811cb26d44e7da3515e5509e10f93', '192.168.1.2', NULL, 14.20, 85.70, 0.00, NULL, NULL, '04-07 13:11:00', '2020-04-07 05:11:00');
INSERT INTO `cpu_state` VALUES ('f3015f7261cd49f78f6275ef5ef639e7', '192.168.1.2', NULL, 16.40, 83.50, 0.00, NULL, NULL, '04-03 13:21:42', '2020-04-03 13:21:42');
INSERT INTO `cpu_state` VALUES ('f3137fedcc1e4ac1a0df6f858ceaadb8', '192.168.1.2', NULL, 22.50, 77.40, 0.00, NULL, NULL, '04-07 15:29:10', '2020-04-07 07:29:10');
INSERT INTO `cpu_state` VALUES ('f346d49955604c23ae2aa756f312fe68', '192.168.1.2', NULL, 10.10, 89.80, 0.00, NULL, NULL, '04-07 11:35:48', '2020-04-07 03:35:48');
INSERT INTO `cpu_state` VALUES ('f51a3a860c0342a5a0c50013721b2805', '192.168.1.2', NULL, 16.40, 83.50, 0.00, NULL, NULL, '04-03 12:16:06', '2020-04-03 12:16:06');
INSERT INTO `cpu_state` VALUES ('f58c06b0ea3a4af5a76a69157c33dde1', '192.168.1.2', NULL, 15.40, 84.50, 0.00, NULL, NULL, '04-03 12:29:36', '2020-04-03 12:29:36');
INSERT INTO `cpu_state` VALUES ('f58de48c8613491e9fc54807b2b2ffcd', '192.168.1.2', NULL, 41.30, 58.60, 0.00, NULL, NULL, '04-03 11:25:58', '2020-04-03 11:25:58');
INSERT INTO `cpu_state` VALUES ('f5d061bdf32e42bb88b0b93bdb555f2a', '192.168.1.2', NULL, 22.70, 77.20, 0.00, NULL, NULL, '04-03 12:07:25', '2020-04-03 12:07:25');
INSERT INTO `cpu_state` VALUES ('f604fa1ea2e4472f89e54e8a4ade1b66', '192.168.1.2', NULL, 21.60, 78.30, 0.00, NULL, NULL, '04-07 14:41:10', '2020-04-07 06:41:10');
INSERT INTO `cpu_state` VALUES ('f69f074f09e84117a1c5c7b7aae74c5e', '192.168.1.2', NULL, 5.50, 94.50, 0.00, NULL, NULL, '04-07 16:21:21', '2020-04-07 08:21:21');
INSERT INTO `cpu_state` VALUES ('f6a2e3c9726347b5a5743edd961ac208', '192.168.1.2', NULL, 16.80, 83.10, 0.00, NULL, NULL, '04-03 12:19:06', '2020-04-03 12:19:06');
INSERT INTO `cpu_state` VALUES ('f6a418467f5c4cebb65254b4f5af3547', '192.168.1.2', NULL, 22.90, 77.00, 0.00, NULL, NULL, '04-03 13:02:36', '2020-04-03 13:02:36');
INSERT INTO `cpu_state` VALUES ('f6de3d65bc324f339a4ca817c8aa3557', '192.168.1.2', NULL, 30.00, 69.80, 0.00, NULL, NULL, '04-07 11:01:35', '2020-04-07 03:01:35');
INSERT INTO `cpu_state` VALUES ('f6fdfd35b52a464c8402d7395d406da0', '192.168.1.2', NULL, 25.80, 74.10, 0.00, NULL, NULL, '04-03 13:48:44', '2020-04-03 13:48:44');
INSERT INTO `cpu_state` VALUES ('f7180f5130144cc6ac4405f5839f2a1c', '192.168.1.2', NULL, 27.60, 72.30, 0.00, NULL, NULL, '04-03 11:42:57', '2020-04-03 11:42:57');
INSERT INTO `cpu_state` VALUES ('f7b9c6e1c13c42e48951b135d80be6fa', '192.168.1.2', NULL, 20.30, 79.70, 0.00, NULL, NULL, '04-03 13:45:44', '2020-04-03 13:45:44');
INSERT INTO `cpu_state` VALUES ('f9b3c0b41ecb40959f09fff7886e7e50', '192.168.1.2', NULL, 18.70, 81.20, 0.00, NULL, NULL, '04-07 15:38:56', '2020-04-07 07:38:56');
INSERT INTO `cpu_state` VALUES ('fc30d4960098439cbed9d126725a3c40', '192.168.1.2', NULL, 14.00, 85.90, 0.00, NULL, NULL, '04-03 13:42:44', '2020-04-03 13:42:44');
INSERT INTO `cpu_state` VALUES ('fcf3e0b038d04a2b99659d5d034eb0e5', '192.168.1.2', NULL, 14.20, 85.80, 0.00, NULL, NULL, '04-07 13:18:20', '2020-04-07 05:18:20');
INSERT INTO `cpu_state` VALUES ('fe2916dcbdcf4ca6af7a9a7e7c8e1c8d', '192.168.1.2', NULL, 24.70, 75.20, 0.00, NULL, NULL, '04-07 11:53:32', '2020-04-07 03:53:32');
INSERT INTO `cpu_state` VALUES ('fe32e0b6f1f1471abafdcdc56648a490', '192.168.1.2', NULL, 27.50, 72.40, 0.00, NULL, NULL, '04-03 13:36:44', '2020-04-03 13:36:44');

-- ----------------------------
-- Table structure for db_info
-- ----------------------------
DROP TABLE IF EXISTS `db_info`;
CREATE TABLE `db_info`  (
  `ID` char(32) CHARACTER SET utf8 COLLATE utf8_general_ci NOT NULL,
  `DBTYPE` char(32) CHARACTER SET utf8 COLLATE utf8_general_ci NULL DEFAULT NULL,
  `USER` varchar(50) CHARACTER SET utf8 COLLATE utf8_general_ci NULL DEFAULT NULL,
  `PASSWD` varchar(50) CHARACTER SET utf8 COLLATE utf8_general_ci NULL DEFAULT NULL,
  `IP` char(20) CHARACTER SET utf8 COLLATE utf8_general_ci NULL DEFAULT NULL,
  `PORT` char(10) CHARACTER SET utf8 COLLATE utf8_general_ci NULL DEFAULT NULL,
  `CREATE_TIME` timestamp(0) NULL DEFAULT NULL ON UPDATE CURRENT_TIMESTAMP(0),
  `DBNAME` char(50) CHARACTER SET utf8 COLLATE utf8_general_ci NULL DEFAULT NULL,
  `DB_STATE` char(1) CHARACTER SET utf8 COLLATE utf8_general_ci NULL DEFAULT NULL,
  `ALIAS_NAME` varchar(50) CHARACTER SET utf8 COLLATE utf8_general_ci NULL DEFAULT NULL,
  PRIMARY KEY (`ID`) USING BTREE
) ENGINE = InnoDB CHARACTER SET = utf8 COLLATE = utf8_general_ci ROW_FORMAT = Dynamic;

-- ----------------------------
-- Records of db_info
-- ----------------------------
INSERT INTO `db_info` VALUES ('f3777278e1a344d0ac41258276ca43bb', 'mysql', 'root', 'root', '192.168.1.2', '3306', '2020-04-03 15:19:59', 'dataview', '2', '');

-- ----------------------------
-- Table structure for db_table
-- ----------------------------
DROP TABLE IF EXISTS `db_table`;
CREATE TABLE `db_table`  (
  `ID` char(32) CHARACTER SET utf8 COLLATE utf8_general_ci NOT NULL,
  `TABLE_NAME` varchar(50) CHARACTER SET utf8 COLLATE utf8_general_ci NULL DEFAULT NULL,
  `WHERE_VAL` varchar(200) CHARACTER SET utf8 COLLATE utf8_general_ci NULL DEFAULT NULL,
  `CREATE_TIME` timestamp(0) NULL DEFAULT NULL ON UPDATE CURRENT_TIMESTAMP(0),
  `REMARK` varchar(50) CHARACTER SET utf8 COLLATE utf8_general_ci NULL DEFAULT NULL,
  `TABLE_COUNT` bigint(20) NULL DEFAULT NULL,
  `DATE_STR` char(30) CHARACTER SET utf8 COLLATE utf8_general_ci NULL DEFAULT NULL,
  `DBINFO_ID` char(32) CHARACTER SET utf8 COLLATE utf8_general_ci NULL DEFAULT NULL,
  PRIMARY KEY (`ID`) USING BTREE
) ENGINE = InnoDB CHARACTER SET = utf8 COLLATE = utf8_general_ci ROW_FORMAT = Dynamic;

-- ----------------------------
-- Records of db_table
-- ----------------------------
INSERT INTO `db_table` VALUES ('27d1dcff93d040a1a19a44e51f976118', 'sys_user', '', '2020-04-03 14:04:25', '', 0, '2020-04-07 16:21:19', 'f3777278e1a344d0ac41258276ca43bb');

-- ----------------------------
-- Table structure for db_table_count
-- ----------------------------
DROP TABLE IF EXISTS `db_table_count`;
CREATE TABLE `db_table_count`  (
  `ID` char(32) CHARACTER SET utf8 COLLATE utf8_general_ci NOT NULL,
  `DB_TABLE_ID` char(32) CHARACTER SET utf8 COLLATE utf8_general_ci NULL DEFAULT NULL,
  `TABLE_COUNT` bigint(20) NULL DEFAULT NULL,
  `DATE_STR` char(30) CHARACTER SET utf8 COLLATE utf8_general_ci NULL DEFAULT NULL,
  `CREATE_TIME` timestamp(0) NULL DEFAULT NULL ON UPDATE CURRENT_TIMESTAMP(0),
  PRIMARY KEY (`ID`) USING BTREE
) ENGINE = InnoDB CHARACTER SET = utf8 COLLATE = utf8_general_ci ROW_FORMAT = Dynamic;

-- ----------------------------
-- Records of db_table_count
-- ----------------------------
INSERT INTO `db_table_count` VALUES ('0738dc64339749c8a5a0f6ca77bc4c20', '27d1dcff93d040a1a19a44e51f976118', 0, '04-03 15:18:57', '2020-04-03 07:18:57');
INSERT INTO `db_table_count` VALUES ('086d4ccd77854a23ad2a267ba67352d3', '27d1dcff93d040a1a19a44e51f976118', 0, '04-07 15:42:09', '2020-04-07 07:42:09');
INSERT INTO `db_table_count` VALUES ('17b666da743d4869afb8792097f01d29', '27d1dcff93d040a1a19a44e51f976118', 0, '04-07 11:53:44', '2020-04-07 03:53:44');
INSERT INTO `db_table_count` VALUES ('1a85a4f08c394599a5c0f75d740b4a05', '27d1dcff93d040a1a19a44e51f976118', 0, '04-03 15:57:44', '2020-04-03 07:57:44');
INSERT INTO `db_table_count` VALUES ('1c9fc7de85e74fab95e2450c6cc92719', '27d1dcff93d040a1a19a44e51f976118', 0, '04-07 15:17:13', '2020-04-07 07:17:13');
INSERT INTO `db_table_count` VALUES ('1eff7fed040a41459afc63e32bdbac11', '27d1dcff93d040a1a19a44e51f976118', 0, '04-03 16:42:44', '2020-04-03 08:42:44');
INSERT INTO `db_table_count` VALUES ('26898a7c874c4a6caad2ef5251aba31c', '27d1dcff93d040a1a19a44e51f976118', 0, '04-07 14:08:13', '2020-04-07 06:08:13');
INSERT INTO `db_table_count` VALUES ('29d2411b5b2c47fd98f5ec495afd4fa4', '27d1dcff93d040a1a19a44e51f976118', 0, '04-07 13:55:27', '2020-04-07 05:55:27');
INSERT INTO `db_table_count` VALUES ('2ff0cbe116c64cfb96d971aa31254129', '27d1dcff93d040a1a19a44e51f976118', 0, '04-07 14:41:28', '2020-04-07 06:41:28');
INSERT INTO `db_table_count` VALUES ('4344312aba3b4e7792a4c9fbf979f95a', '27d1dcff93d040a1a19a44e51f976118', 0, '04-03 15:30:11', '2020-04-03 07:30:11');
INSERT INTO `db_table_count` VALUES ('448bb0028ab74ae88b294eb9f4e13d9d', '27d1dcff93d040a1a19a44e51f976118', 0, '04-07 15:04:27', '2020-04-07 07:04:27');
INSERT INTO `db_table_count` VALUES ('475951072a2e4cb6b0ddd81e94aa2175', '27d1dcff93d040a1a19a44e51f976118', 0, '04-07 13:44:05', '2020-04-07 05:44:05');
INSERT INTO `db_table_count` VALUES ('4a0a73bb90444413b724f9b779a649f5', '27d1dcff93d040a1a19a44e51f976118', 0, '04-07 13:37:17', '2020-04-07 05:37:17');
INSERT INTO `db_table_count` VALUES ('4a63c9aaed204d7a8f858072d3f00388', '27d1dcff93d040a1a19a44e51f976118', 0, '04-07 15:31:35', '2020-04-07 07:31:35');
INSERT INTO `db_table_count` VALUES ('54236e93ab7a40579e562e826a43db7a', '27d1dcff93d040a1a19a44e51f976118', 0, '04-07 15:55:40', '2020-04-07 07:55:40');
INSERT INTO `db_table_count` VALUES ('57ee5c02cb8342cfa2b093561a905c4d', '27d1dcff93d040a1a19a44e51f976118', 0, '04-07 16:21:19', '2020-04-07 08:21:19');
INSERT INTO `db_table_count` VALUES ('5c15b44aebfc4d09bb1cda66bb073081', '27d1dcff93d040a1a19a44e51f976118', 0, '04-07 15:35:54', '2020-04-07 07:35:54');
INSERT INTO `db_table_count` VALUES ('641c024387604c32b50011d0e02077a4', '27d1dcff93d040a1a19a44e51f976118', 0, '04-03 15:24:22', '2020-04-03 07:24:22');
INSERT INTO `db_table_count` VALUES ('6c04013dd5354545b8d07ebf5dc2bd69', '27d1dcff93d040a1a19a44e51f976118', 0, '04-03 15:27:51', '2020-04-03 07:27:51');
INSERT INTO `db_table_count` VALUES ('6fb6c9f93fb84de6b2fb13737c8f256c', '27d1dcff93d040a1a19a44e51f976118', 0, '04-07 14:59:10', '2020-04-07 06:59:10');
INSERT INTO `db_table_count` VALUES ('73c7dd6753dd43889eaa541db6bcc9dc', '27d1dcff93d040a1a19a44e51f976118', 0, '04-03 15:53:58', '2020-04-03 07:53:58');
INSERT INTO `db_table_count` VALUES ('740ac3e324ba4131822b0e48d014a30b', '27d1dcff93d040a1a19a44e51f976118', 0, '04-07 15:39:23', '2020-04-07 07:39:23');
INSERT INTO `db_table_count` VALUES ('75afedfd219945bb9671b9dfc17a982e', '27d1dcff93d040a1a19a44e51f976118', 0, '04-07 11:29:51', '2020-04-07 03:29:51');
INSERT INTO `db_table_count` VALUES ('7882b29d9a474bc48c965e9e68b90fdc', '27d1dcff93d040a1a19a44e51f976118', 0, '04-03 15:03:35', '2020-04-03 07:03:35');
INSERT INTO `db_table_count` VALUES ('7c435465acc746168e36a0e3f89c8db5', '27d1dcff93d040a1a19a44e51f976118', 0, '04-07 15:10:50', '2020-04-07 07:10:50');
INSERT INTO `db_table_count` VALUES ('869b8590e8964f94b1ae4d30f1e930c2', '27d1dcff93d040a1a19a44e51f976118', 0, '04-07 14:22:51', '2020-04-07 06:22:51');
INSERT INTO `db_table_count` VALUES ('99916781ad034c149d9d74c008fdec10', '27d1dcff93d040a1a19a44e51f976118', 0, '04-07 16:00:03', '2020-04-07 08:00:03');
INSERT INTO `db_table_count` VALUES ('a0830546ce844b78958e8214b34e7a7c', '27d1dcff93d040a1a19a44e51f976118', 0, '04-07 14:37:15', '2020-04-07 06:37:15');
INSERT INTO `db_table_count` VALUES ('a1f18eb33ffb4edcbf2af6cf1f2274ec', '27d1dcff93d040a1a19a44e51f976118', 0, '04-07 14:28:56', '2020-04-07 06:28:56');
INSERT INTO `db_table_count` VALUES ('ab9750b07b514e5b863afd670cda8ddd', '27d1dcff93d040a1a19a44e51f976118', 0, '04-07 16:10:17', '2020-04-07 08:10:17');
INSERT INTO `db_table_count` VALUES ('ad29e3fd7bb04b84838fb3924ef064b9', '27d1dcff93d040a1a19a44e51f976118', 0, '04-03 14:53:31', '2020-04-03 06:53:31');
INSERT INTO `db_table_count` VALUES ('b08424983d3b45fda704ba33fdaf6a78', '27d1dcff93d040a1a19a44e51f976118', 0, '04-07 11:47:51', '2020-04-07 03:47:51');
INSERT INTO `db_table_count` VALUES ('b26d093796994eabbe7f647dc08e58eb', '27d1dcff93d040a1a19a44e51f976118', 0, '04-03 15:16:46', '2020-04-03 07:16:46');
INSERT INTO `db_table_count` VALUES ('b6c4a922cbae4e37945f68400fff007b', '27d1dcff93d040a1a19a44e51f976118', 0, '04-07 16:18:03', '2020-04-07 08:18:03');
INSERT INTO `db_table_count` VALUES ('ba46f3a9de534d3b916a7007271cf5f3', '27d1dcff93d040a1a19a44e51f976118', 0, '04-07 11:58:14', '2020-04-07 03:58:14');
INSERT INTO `db_table_count` VALUES ('bf6a764e87fe401f9ef9becb44c787fc', '27d1dcff93d040a1a19a44e51f976118', 0, '04-07 14:16:48', '2020-04-07 06:16:48');
INSERT INTO `db_table_count` VALUES ('c808cf781ba44210a0ca98eb6885e0b4', '27d1dcff93d040a1a19a44e51f976118', 0, '04-03 16:18:11', '2020-04-03 08:18:11');
INSERT INTO `db_table_count` VALUES ('ce7dd941ca204d1085c454e3e1082639', '27d1dcff93d040a1a19a44e51f976118', 0, '04-03 16:55:37', '2020-04-03 08:55:37');
INSERT INTO `db_table_count` VALUES ('cfc88f048b9245c0ba6af43de7787d3c', '27d1dcff93d040a1a19a44e51f976118', 0, '04-07 14:50:40', '2020-04-07 06:50:40');
INSERT INTO `db_table_count` VALUES ('cfeb9d35434c4fe9b028a9fceb53f1b1', '27d1dcff93d040a1a19a44e51f976118', 0, '04-07 15:46:34', '2020-04-07 07:46:34');
INSERT INTO `db_table_count` VALUES ('d10938ef6d7443a89dbb82e9be7a428c', '27d1dcff93d040a1a19a44e51f976118', 0, '04-07 13:05:05', '2020-04-07 05:05:05');
INSERT INTO `db_table_count` VALUES ('e442983f5b2d4868a7597d02b16cb680', '27d1dcff93d040a1a19a44e51f976118', 0, '04-07 11:26:03', '2020-04-07 03:26:03');
INSERT INTO `db_table_count` VALUES ('e5b4d1febcc3463f8c8f4c712dc87944', '27d1dcff93d040a1a19a44e51f976118', 0, '04-07 10:54:22', '2020-04-07 02:54:22');
INSERT INTO `db_table_count` VALUES ('eeecb5363337482487542908d9bc3653', '27d1dcff93d040a1a19a44e51f976118', 0, '04-07 15:49:58', '2020-04-07 07:49:58');
INSERT INTO `db_table_count` VALUES ('ef2983f16cf949aeb3e3de1954decd0d', '27d1dcff93d040a1a19a44e51f976118', 0, '04-07 14:20:14', '2020-04-07 06:20:14');
INSERT INTO `db_table_count` VALUES ('fb51a0ad9716490b9e2101309aa5ab6f', '27d1dcff93d040a1a19a44e51f976118', 0, '04-07 14:14:18', '2020-04-07 06:14:18');

-- ----------------------------
-- Table structure for desk_state
-- ----------------------------
DROP TABLE IF EXISTS `desk_state`;
CREATE TABLE `desk_state`  (
  `ID` char(32) CHARACTER SET utf8 COLLATE utf8_general_ci NOT NULL,
  `HOST_NAME` char(30) CHARACTER SET utf8 COLLATE utf8_general_ci NULL DEFAULT NULL,
  `FILE_STSTEM` char(50) CHARACTER SET utf8 COLLATE utf8_general_ci NULL DEFAULT NULL,
  `SIZE` char(30) CHARACTER SET utf8 COLLATE utf8_general_ci NULL DEFAULT NULL,
  `USED` char(30) CHARACTER SET utf8 COLLATE utf8_general_ci NULL DEFAULT NULL,
  `AVAIL` char(30) CHARACTER SET utf8 COLLATE utf8_general_ci NULL DEFAULT NULL,
  `USE_PER` char(10) CHARACTER SET utf8 COLLATE utf8_general_ci NULL DEFAULT NULL,
  `DATE_STR` char(30) CHARACTER SET utf8 COLLATE utf8_general_ci NULL DEFAULT NULL,
  `CREATE_TIME` timestamp(0) NULL DEFAULT NULL,
  PRIMARY KEY (`ID`) USING BTREE,
  INDEX `DESK_ACC_HOST_INDEX`(`HOST_NAME`, `CREATE_TIME`) USING BTREE
) ENGINE = InnoDB CHARACTER SET = utf8 COLLATE = utf8_general_ci ROW_FORMAT = Dynamic;

-- ----------------------------
-- Records of desk_state
-- ----------------------------
INSERT INTO `desk_state` VALUES ('344cb0fda1664409837c46ae2775f6f0', '192.168.1.2', 'Z:\\', '0G', '0G', '0G', '30.0%', '04-07 16:30:21', '2020-04-07 08:30:21');
INSERT INTO `desk_state` VALUES ('602e081aa1d547bfbad6f65d7391a5c4', '192.168.1.2', 'E:\\', '238G', '42G', '195G', '18.0%', '04-07 16:30:21', '2020-04-07 08:30:21');
INSERT INTO `desk_state` VALUES ('7fff5f88aa7742a9bf58b6dca0852557', '192.168.1.2', 'D:\\', '224G', '19G', '205G', '9.0%', '04-07 16:30:21', '2020-04-07 08:30:21');
INSERT INTO `desk_state` VALUES ('afaf2aadf3c84e6f88f14915e235aa75', '192.168.1.2', '', '929G', '220G', '707G', '23.68%', '04-06 16:30:21', '2020-04-06 08:30:21');
INSERT INTO `desk_state` VALUES ('e581adb132af4ea9b7934605a7efcda7', '192.168.1.2', 'C:\\', '467G', '159G', '307G', '35.0%', '04-07 16:30:21', '2020-04-07 08:30:21');

-- ----------------------------
-- Table structure for heath_monitor
-- ----------------------------
DROP TABLE IF EXISTS `heath_monitor`;
CREATE TABLE `heath_monitor`  (
  `ID` char(32) CHARACTER SET utf8 COLLATE utf8_general_ci NOT NULL,
  `APP_NAME` char(50) CHARACTER SET utf8 COLLATE utf8_general_ci NULL DEFAULT NULL,
  `HEATH_URL` varchar(255) CHARACTER SET utf8 COLLATE utf8_general_ci NULL DEFAULT NULL,
  `CREATE_TIME` timestamp(0) NULL DEFAULT NULL ON UPDATE CURRENT_TIMESTAMP(0),
  `HEATH_STATUS` char(10) CHARACTER SET utf8 COLLATE utf8_general_ci NULL DEFAULT NULL,
  PRIMARY KEY (`ID`) USING BTREE
) ENGINE = InnoDB CHARACTER SET = utf8 COLLATE = utf8_general_ci ROW_FORMAT = Dynamic;

-- ----------------------------
-- Records of heath_monitor
-- ----------------------------
INSERT INTO `heath_monitor` VALUES ('973e827b5df84235bcbea23448366dbb', '1', 'http://127.0.0.1:9999/wgcloud/agent/minTask', '2020-04-07 08:21:49', '500');

-- ----------------------------
-- Table structure for host_info
-- ----------------------------
DROP TABLE IF EXISTS `host_info`;
CREATE TABLE `host_info`  (
  `ID` char(32) CHARACTER SET utf8 COLLATE utf8_general_ci NOT NULL,
  `IP` char(30) CHARACTER SET utf8 COLLATE utf8_general_ci NULL DEFAULT NULL,
  `PORT` char(20) CHARACTER SET utf8 COLLATE utf8_general_ci NULL DEFAULT NULL,
  `ROOT` char(50) CHARACTER SET utf8 COLLATE utf8_general_ci NULL DEFAULT NULL,
  `PASSWD` char(50) CHARACTER SET utf8 COLLATE utf8_general_ci NULL DEFAULT NULL,
  `CREATE_TIME` timestamp(0) NULL DEFAULT NULL ON UPDATE CURRENT_TIMESTAMP(0),
  `REMARK` varchar(255) CHARACTER SET utf8 COLLATE utf8_general_ci NULL DEFAULT NULL,
  PRIMARY KEY (`ID`) USING BTREE
) ENGINE = InnoDB CHARACTER SET = utf8 COLLATE = utf8_general_ci ROW_FORMAT = Dynamic;

-- ----------------------------
-- Table structure for intrusion_info
-- ----------------------------
DROP TABLE IF EXISTS `intrusion_info`;
CREATE TABLE `intrusion_info`  (
  `ID` char(32) CHARACTER SET utf8 COLLATE utf8_general_ci NOT NULL,
  `HOST_NAME` char(30) CHARACTER SET utf8 COLLATE utf8_general_ci NULL DEFAULT NULL,
  `LSMOD` text CHARACTER SET utf8 COLLATE utf8_general_ci NULL,
  `PASSWD_INFO` varchar(100) CHARACTER SET utf8 COLLATE utf8_general_ci NULL DEFAULT NULL,
  `CRONTAB` text CHARACTER SET utf8 COLLATE utf8_general_ci NULL,
  `PROMISC` varchar(100) CHARACTER SET utf8 COLLATE utf8_general_ci NULL DEFAULT NULL,
  `RPCINFO` text CHARACTER SET utf8 COLLATE utf8_general_ci NULL,
  `CREATE_TIME` timestamp(0) NULL DEFAULT NULL,
  PRIMARY KEY (`ID`) USING BTREE
) ENGINE = InnoDB CHARACTER SET = utf8 COLLATE = utf8_general_ci ROW_FORMAT = Dynamic;

-- ----------------------------
-- Table structure for log_info
-- ----------------------------
DROP TABLE IF EXISTS `log_info`;
CREATE TABLE `log_info`  (
  `ID` char(32) CHARACTER SET utf8 COLLATE utf8_general_ci NOT NULL,
  `HOST_NAME` char(50) CHARACTER SET utf8 COLLATE utf8_general_ci NULL DEFAULT NULL,
  `INFO_CONTENT` text CHARACTER SET utf8 COLLATE utf8_general_ci NULL,
  `STATE` char(1) CHARACTER SET utf8 COLLATE utf8_general_ci NULL DEFAULT NULL,
  `CREATE_TIME` timestamp(0) NULL DEFAULT CURRENT_TIMESTAMP ON UPDATE CURRENT_TIMESTAMP(0),
  PRIMARY KEY (`ID`) USING BTREE
) ENGINE = InnoDB CHARACTER SET = utf8 COLLATE = utf8_general_ci ROW_FORMAT = Dynamic;

-- ----------------------------
-- Records of log_info
-- ----------------------------
INSERT INTO `log_info` VALUES ('047e6ad0cafb4ff19190893e7ada88b9', 'IP192.168.1.2flash', '10IP192.168.1.2flashID4084', '1', NULL);
INSERT INTO `log_info` VALUES ('073bbff44ebd44fea24e865440adffd9', '', 'IP192.168.1.23306org.springframework.jdbc.CannotGetJdbcConnectionException: Failed to obtain JDBC Connection; nested exception is java.sql.SQLNonTransientConnectionException: Could not create connection to database server. Attempted reconnect 3 times. Giving up.', '1', '2020-04-07 02:55:29');
INSERT INTO `log_info` VALUES ('07a7b050beed489aa73042124b2c76dd', 'IP192.168.1.2adobe', '10IP192.168.1.2adobeID3896', '1', NULL);
INSERT INTO `log_info` VALUES ('07fbaeec4e474047ae5bb358f8efb666', '', 'IP192.168.1.23306org.springframework.jdbc.CannotGetJdbcConnectionException: Failed to obtain JDBC Connection; nested exception is java.sql.SQLNonTransientConnectionException: Could not create connection to database server. Attempted reconnect 3 times. Giving up.', '1', '2020-04-07 06:42:36');
INSERT INTO `log_info` VALUES ('0a231719418c4575989ab10f3bb05763', 'IP192.168.1.2adobe', '10IP192.168.1.2adobeID3896', '1', NULL);
INSERT INTO `log_info` VALUES ('0a9cc53716664885bf069cbc94bb4e0e', '1', '1http://127.0.0.1:9999/wgcloud/agent/minTask404', '1', NULL);
INSERT INTO `log_info` VALUES ('0b594690d4a545bf9fbad38fd1268e12', '', 'IP192.168.1.23306org.springframework.jdbc.CannotGetJdbcConnectionException: Failed to obtain JDBC Connection; nested exception is java.sql.SQLNonTransientConnectionException: Could not create connection to database server. Attempted reconnect 3 times. Giving up.', '1', '2020-04-07 07:51:06');
INSERT INTO `log_info` VALUES ('0cc7aa55e3ca44cdba16ae98d9e2b021', '', 'IP127.0.0.13306org.springframework.jdbc.CannotGetJdbcConnectionException: Failed to obtain JDBC Connection; nested exception is java.sql.SQLNonTransientConnectionException: Could not create connection to database server. Attempted reconnect 3 times. Giving up.', '1', '2020-04-03 07:19:01');
INSERT INTO `log_info` VALUES ('0efa62229f344adcb623c017ddf901fc', '1', '1http://127.0.0.1:9999/wgcloud/agent/minTask404', '1', NULL);
INSERT INTO `log_info` VALUES ('10670f7bddbc4598a16097f62d6e9004', 'IP192.168.1.2flash', '10IP192.168.1.2flashID4084', '1', NULL);
INSERT INTO `log_info` VALUES ('113b7166dfcb471e9f4392df59d46cda', '1', '1http://127.0.0.1:9999/wgcloud/agent/minTask404', '1', NULL);
INSERT INTO `log_info` VALUES ('118bcc758b2c46b7aa847c6da189546c', 'IP192.168.1.2flash', '10IP192.168.1.2flashID4084', '1', NULL);
INSERT INTO `log_info` VALUES ('1428008d149b49db860ae383422056d7', '1', '1http://127.0.0.1:9999/wgcloud/agent/minTask404', '1', NULL);
INSERT INTO `log_info` VALUES ('150adf1dce7941b1a6ae6c8c565cb419', 'IP192.168.1.2flash', '10IP192.168.1.2flashID4084', '1', NULL);
INSERT INTO `log_info` VALUES ('17993cdb8e8f4f9fb0f8e02964344286', '', 'org.springframework.dao.DataIntegrityViolationException: \r\n### Error updating database.  Cause: java.sql.SQLIntegrityConstraintViolationException: Column \'CREATE_TIME\' cannot be null\r\n### The error may involve com.bishe.mapper.LogInfoMapper.insertList-Inline\r\n### The error occurred while setting parameters\r\n### SQL: INSERT INTO LOG_INFO (ID,HOST_NAME,INFO_CONTENT,STATE,CREATE_TIME)  VALUES         (?,?,?,?,?)\r\n### Cause: java.sql.SQLIntegrityConstraintViolationException: Column \'CREATE_TIME\' cannot be null\n; Column \'CREATE_TIME\' cannot be null; nested exception is java.sql.SQLIntegrityConstraintViolationException: Column \'CREATE_TIME\' cannot be null', '1', '2020-04-03 06:54:01');
INSERT INTO `log_info` VALUES ('180602e6ecc748d48aa1a07c97cc3d52', '1', '1http://127.0.0.1:9999/wgcloud/agent/minTask404', '1', NULL);
INSERT INTO `log_info` VALUES ('186fdfd074e24d6b9bd65c74817387fb', '', 'IP192.168.1.23306org.springframework.jdbc.CannotGetJdbcConnectionException: Failed to obtain JDBC Connection; nested exception is java.sql.SQLNonTransientConnectionException: Could not create connection to database server. Attempted reconnect 3 times. Giving up.', '1', '2020-04-07 03:59:21');
INSERT INTO `log_info` VALUES ('1a8ea5fd036e46dcbd27019b7d4f8c3b', '', 'IP192.168.1.23306org.springframework.jdbc.CannotGetJdbcConnectionException: Failed to obtain JDBC Connection; nested exception is java.sql.SQLNonTransientConnectionException: Could not create connection to database server. Attempted reconnect 3 times. Giving up.', '1', '2020-04-03 07:20:55');
INSERT INTO `log_info` VALUES ('1af6dda57d0b4981954c761835e7d081', 'IP192.168.1.2adobe', '10IP192.168.1.2adobeID3896', '1', NULL);
INSERT INTO `log_info` VALUES ('1b46c49aa2a14d0895834a52f3b952aa', '1', '1http://127.0.0.1:9999/wgcloud/agent/minTask404', '1', NULL);
INSERT INTO `log_info` VALUES ('1b8be1ff97284d278ba4f09b5bd2ff9f', '1', '1http://127.0.0.1:9999/wgcloud/agent/minTask404', '1', NULL);
INSERT INTO `log_info` VALUES ('1cb5008d03ec4a90a88615349ecbceb1', 'IP192.168.1.2flash', '10IP192.168.1.2flashID4084', '1', NULL);
INSERT INTO `log_info` VALUES ('1dde3f5532824234b1df5bbfcff7ac41', '1', '1http://127.0.0.1:9999/wgcloud/agent/minTask404', '1', NULL);
INSERT INTO `log_info` VALUES ('1ef9737b31a64f09a721086df2e76f62', 'null', 'nullnull', '1', '2020-04-03 10:50:01');
INSERT INTO `log_info` VALUES ('1f2ee160e6704ca5aab94fa2c88c89b3', '1', '1http://127.0.0.1:9999/wgcloud/agent/minTask404', '1', NULL);
INSERT INTO `log_info` VALUES ('20aaad8f1c3a4ef79c675083540da3f7', '', 'IP192.168.1.23306org.springframework.jdbc.CannotGetJdbcConnectionException: Failed to obtain JDBC Connection; nested exception is java.sql.SQLNonTransientConnectionException: Could not create connection to database server. Attempted reconnect 3 times. Giving up.', '1', '2020-04-07 05:38:24');
INSERT INTO `log_info` VALUES ('28ef08f3908043eb9e875d7ca92fc3dc', '', 'IP192.168.1.23306org.springframework.jdbc.CannotGetJdbcConnectionException: Failed to obtain JDBC Connection; nested exception is java.sql.SQLNonTransientConnectionException: Could not create connection to database server. Attempted reconnect 3 times. Giving up.', '1', '2020-04-07 07:11:57');
INSERT INTO `log_info` VALUES ('2952c29af13f40c8b7818733f0b309a0', 'IP192.168.1.2adobe', '10IP192.168.1.2adobeID3896', '1', NULL);
INSERT INTO `log_info` VALUES ('2a99d46586594656af9814c56c4eba4b', '', 'org.springframework.dao.DataIntegrityViolationException: \r\n### Error updating database.  Cause: java.sql.SQLIntegrityConstraintViolationException: Column \'CREATE_TIME\' cannot be null\r\n### The error may involve com.cloudmonitor.mapper.LogInfoMapper.insertList-Inline\r\n### The error occurred while setting parameters\r\n### SQL: INSERT INTO LOG_INFO (ID,HOST_NAME,INFO_CONTENT,STATE,CREATE_TIME)  VALUES         (?,?,?,?,?)\r\n### Cause: java.sql.SQLIntegrityConstraintViolationException: Column \'CREATE_TIME\' cannot be null\n; Column \'CREATE_TIME\' cannot be null; nested exception is java.sql.SQLIntegrityConstraintViolationException: Column \'CREATE_TIME\' cannot be null', '1', '2020-04-03 07:17:17');
INSERT INTO `log_info` VALUES ('2b3c75c2288445389abe2632bc516386', '1', '1http://127.0.0.1:9999/wgcloud/agent/minTask404', '1', NULL);
INSERT INTO `log_info` VALUES ('2bbbbe04a11e4c2f90e2ec448c013efc', 'IP192.168.1.2flash', '10IP192.168.1.2flashID4084', '1', NULL);
INSERT INTO `log_info` VALUES ('2d32f44a719b4561bb714ddc63f0b0df', '1', '1http://127.0.0.1:9999/wgcloud/agent/minTask404', '1', NULL);
INSERT INTO `log_info` VALUES ('2da26b2edfad48bcb76166df3959e3c9', '', 'org.springframework.dao.DataIntegrityViolationException: \r\n### Error updating database.  Cause: java.sql.SQLIntegrityConstraintViolationException: Column \'CREATE_TIME\' cannot be null\r\n### The error may involve com.cloudmonitor.mapper.LogInfoMapper.insertList-Inline\r\n### The error occurred while setting parameters\r\n### SQL: INSERT INTO LOG_INFO (ID,HOST_NAME,INFO_CONTENT,STATE,CREATE_TIME)  VALUES         (?,?,?,?,?)\r\n### Cause: java.sql.SQLIntegrityConstraintViolationException: Column \'CREATE_TIME\' cannot be null\n; Column \'CREATE_TIME\' cannot be null; nested exception is java.sql.SQLIntegrityConstraintViolationException: Column \'CREATE_TIME\' cannot be null', '1', '2020-04-03 07:19:27');
INSERT INTO `log_info` VALUES ('2f7abd5537a641e6af68209a1f6bfef1', '1', '1http://127.0.0.1:9999/wgcloud/agent/minTask404', '1', NULL);
INSERT INTO `log_info` VALUES ('339891fe0e46462ba791e4af9b13c463', '1', '1http://127.0.0.1:9999/wgcloud/agent/minTask404', '1', NULL);
INSERT INTO `log_info` VALUES ('355d079c242641e393a2757692b520ae', '', 'IP127.0.0.13306org.springframework.jdbc.CannotGetJdbcConnectionException: Failed to obtain JDBC Connection; nested exception is java.sql.SQLNonTransientConnectionException: Could not create connection to database server. Attempted reconnect 3 times. Giving up.', '1', '2020-04-03 07:18:52');
INSERT INTO `log_info` VALUES ('37a460a95b164393a9edf544eb843eaa', '1', '1http://127.0.0.1:9999/wgcloud/agent/minTask404', '1', NULL);
INSERT INTO `log_info` VALUES ('37e8d43e62c0457982579e8736aab705', '', 'IP192.168.1.23306org.springframework.jdbc.CannotGetJdbcConnectionException: Failed to obtain JDBC Connection; nested exception is java.sql.SQLNonTransientConnectionException: Could not create connection to database server. Attempted reconnect 3 times. Giving up.', '1', '2020-04-03 08:19:18');
INSERT INTO `log_info` VALUES ('39d1804ee78f46b39d3eb96e895bf1b9', '', 'IP192.168.1.23306org.springframework.jdbc.CannotGetJdbcConnectionException: Failed to obtain JDBC Connection; nested exception is java.sql.SQLNonTransientConnectionException: Could not create connection to database server. Attempted reconnect 3 times. Giving up.', '1', '2020-04-07 05:56:34');
INSERT INTO `log_info` VALUES ('3aecbad0cd17453c928c95b4d144f324', '', 'IP192.168.1.23306org.springframework.jdbc.CannotGetJdbcConnectionException: Failed to obtain JDBC Connection; nested exception is java.sql.SQLNonTransientConnectionException: Could not create connection to database server. Attempted reconnect 3 times. Giving up.', '1', '2020-04-07 06:09:20');
INSERT INTO `log_info` VALUES ('3cd919aa98da4e0fbdc8a0c90481c10c', '1', '1http://127.0.0.1:9999/wgcloud/agent/minTask404', '1', NULL);
INSERT INTO `log_info` VALUES ('439e0f7c1e9c49ccacedd884159cf7fa', '', 'IP192.168.1.23306org.springframework.jdbc.CannotGetJdbcConnectionException: Failed to obtain JDBC Connection; nested exception is java.sql.SQLNonTransientConnectionException: Could not create connection to database server. Attempted reconnect 3 times. Giving up.', '1', '2020-04-03 07:28:58');
INSERT INTO `log_info` VALUES ('44dc355d89744ea0919f2d662f154f3e', 'IP192.168.1.2flash', '10IP192.168.1.2flashID4084', '1', NULL);
INSERT INTO `log_info` VALUES ('45df65626e154629a09dd2a2b0c44094', '', 'IP192.168.1.23306org.springframework.jdbc.CannotGetJdbcConnectionException: Failed to obtain JDBC Connection; nested exception is java.sql.SQLNonTransientConnectionException: Could not create connection to database server. Attempted reconnect 3 times. Giving up.', '1', '2020-04-03 08:56:44');
INSERT INTO `log_info` VALUES ('496f54e9f2f54c36b6ea8974e96f9309', '', 'IP192.168.1.23306org.springframework.jdbc.CannotGetJdbcConnectionException: Failed to obtain JDBC Connection; nested exception is java.sql.SQLNonTransientConnectionException: Could not create connection to database server. Attempted reconnect 3 times. Giving up.', '1', '2020-04-03 07:55:05');
INSERT INTO `log_info` VALUES ('4b729f1a2c3946f0b646a3cbe493fd36', '', 'IP127.0.0.13306org.springframework.jdbc.CannotGetJdbcConnectionException: Failed to obtain JDBC Connection; nested exception is java.sql.SQLNonTransientConnectionException: Could not create connection to database server. Attempted reconnect 3 times. Giving up.', '1', '2020-04-03 07:03:39');
INSERT INTO `log_info` VALUES ('4ecd428f14e740f3823c6a9d55eb7273', '', 'IP192.168.1.23306org.springframework.jdbc.CannotGetJdbcConnectionException: Failed to obtain JDBC Connection; nested exception is java.sql.SQLNonTransientConnectionException: Could not create connection to database server. Attempted reconnect 3 times. Giving up.', '1', '2020-04-07 08:22:26');
INSERT INTO `log_info` VALUES ('4f8eab9243d1495aae51975b43e44836', '1', '1http://127.0.0.1:9999/wgcloud/agent/minTask404', '1', NULL);
INSERT INTO `log_info` VALUES ('512dd4791cdb49d298ae63b59af16f0a', 'IP192.168.1.2anydesk', '10IP192.168.1.2anydeskID7068', '1', NULL);
INSERT INTO `log_info` VALUES ('54aa94eed66b4d4791c6c9e577bafceb', '', 'IP192.168.1.23306org.springframework.jdbc.CannotGetJdbcConnectionException: Failed to obtain JDBC Connection; nested exception is java.sql.SQLNonTransientConnectionException: Could not create connection to database server. Attempted reconnect 3 times. Giving up.', '1', '2020-04-07 05:45:12');
INSERT INTO `log_info` VALUES ('55fea7d7cc56496fa575af11640c8bd6', '1', '1http://127.0.0.1:9999/wgcloud/agent/minTask404', '1', NULL);
INSERT INTO `log_info` VALUES ('5694e072f95d429ca65f59ed665539d0', '1', '1http://127.0.0.1:9999/wgcloud/agent/minTask404', '1', NULL);
INSERT INTO `log_info` VALUES ('56da91d9850f4f3cabe8df38e8382016', '1', '1http://127.0.0.1:9999/wgcloud/agent/minTask404', '1', NULL);
INSERT INTO `log_info` VALUES ('57281e20190c4d36b778d423a936c174', '', 'IP192.168.1.23306org.springframework.jdbc.CannotGetJdbcConnectionException: Failed to obtain JDBC Connection; nested exception is com.mysql.jdbc.exceptions.jdbc4.MySQLNonTransientConnectionException: Could not create connection to database server. Attempted reconnect 3 times. Giving up.', '1', '2020-04-03 14:04:26');
INSERT INTO `log_info` VALUES ('57774dd24a99453ab53df40d690760ce', '1', '1http://127.0.0.1:9999/wgcloud/agent/minTask404', '1', NULL);
INSERT INTO `log_info` VALUES ('5a4495064f27426a969dc61277649e09', '', 'IP192.168.1.23306org.springframework.jdbc.CannotGetJdbcConnectionException: Failed to obtain JDBC Connection; nested exception is java.sql.SQLNonTransientConnectionException: Could not create connection to database server. Attempted reconnect 3 times. Giving up.', '1', '2020-04-07 08:11:24');
INSERT INTO `log_info` VALUES ('5cd494fc5d724d079a280e70ca699d99', 'IP192.168.1.2flash', '10IP192.168.1.2flashID4084', '1', NULL);
INSERT INTO `log_info` VALUES ('5de2fce8fd3541aab2a25c6c6418f86f', '192.168.1.2', '10192.168.1.2', '1', NULL);
INSERT INTO `log_info` VALUES ('5e6b5782c24f4b909c4ea86f6542a6d0', 'IP192.168.1.2adobe', '10IP192.168.1.2adobeID3896', '1', NULL);
INSERT INTO `log_info` VALUES ('5e8b27bd2cce4d86958f7f27524cd569', '1', '1http://127.0.0.1:9999/wgcloud/agent/minTask404', '1', NULL);
INSERT INTO `log_info` VALUES ('5e977dc41a79493aa477931cd52bb993', 'IP192.168.1.2flash', '10IP192.168.1.2flashID4084', '1', NULL);
INSERT INTO `log_info` VALUES ('5fac9f1256e04a3f9c0a5952d6325698', '1', '1http://127.0.0.1:9999/wgcloud/agent/minTask404', '1', NULL);
INSERT INTO `log_info` VALUES ('607427b1dcf340128fe457503d15db54', '1', '1http://127.0.0.1:9999/wgcloud/agent/minTask404', '1', NULL);
INSERT INTO `log_info` VALUES ('618d71f120e840b2ac8792a88972c51a', '1', '1http://127.0.0.1:9999/wgcloud/agent/minTask404', '1', NULL);
INSERT INTO `log_info` VALUES ('627bb7a9a7154b809a179ccee6f7e01c', '1', '1http://127.0.0.1:9999/wgcloud/agent/minTask404', '1', NULL);
INSERT INTO `log_info` VALUES ('6327151b68cc413b8df986fc8cf64bab', '', 'IP192.168.1.23306org.springframework.jdbc.CannotGetJdbcConnectionException: Failed to obtain JDBC Connection; nested exception is java.sql.SQLNonTransientConnectionException: Could not create connection to database server. Attempted reconnect 3 times. Giving up.', '1', '2020-04-03 07:20:55');
INSERT INTO `log_info` VALUES ('63b0662810194d81b75e4ff2dfc78056', '', 'IP192.168.1.23306org.springframework.jdbc.CannotGetJdbcConnectionException: Failed to obtain JDBC Connection; nested exception is java.sql.SQLNonTransientConnectionException: Could not create connection to database server. Attempted reconnect 3 times. Giving up.', '1', '2020-04-03 07:31:18');
INSERT INTO `log_info` VALUES ('64c7e9fd846042e48afb60c891da9926', '', 'IP192.168.1.23306org.springframework.jdbc.CannotGetJdbcConnectionException: Failed to obtain JDBC Connection; nested exception is java.sql.SQLNonTransientConnectionException: Could not create connection to database server. Attempted reconnect 3 times. Giving up.', '1', '2020-04-07 07:43:16');
INSERT INTO `log_info` VALUES ('64f6501102ed4c51b1b3bb4c6fe84ef9', '1', '1http://127.0.0.1:9999/wgcloud/agent/minTask404', '1', NULL);
INSERT INTO `log_info` VALUES ('67f9f354feda45c69927d4debc115a0a', '1', '1http://127.0.0.1:9999/wgcloud/agent/minTask404', '1', NULL);
INSERT INTO `log_info` VALUES ('68ff6c85d17945f9bc21a4a80c3383d7', '', 'IP192.168.1.23306org.springframework.jdbc.CannotGetJdbcConnectionException: Failed to obtain JDBC Connection; nested exception is java.sql.SQLNonTransientConnectionException: Could not create connection to database server. Attempted reconnect 3 times. Giving up.', '1', '2020-04-07 08:01:10');
INSERT INTO `log_info` VALUES ('694c19e5985f413b948bbcb570ccae3f', 'IP192.168.1.2adobe', '10IP192.168.1.2adobeID3896', '1', NULL);
INSERT INTO `log_info` VALUES ('698075d857754ab4954cb82d87e729c3', 'IP192.168.1.2flash', '10IP192.168.1.2flashID4084', '1', NULL);
INSERT INTO `log_info` VALUES ('6abd1605406343d8b2690e5a5d4fef17', '', 'IP192.168.1.23306org.springframework.jdbc.CannotGetJdbcConnectionException: Failed to obtain JDBC Connection; nested exception is java.sql.SQLNonTransientConnectionException: Could not create connection to database server. Attempted reconnect 3 times. Giving up.', '1', '2020-04-07 03:48:59');
INSERT INTO `log_info` VALUES ('6d805b8ffe4943ecb2c177f2701e1e98', '192.168.1.2', '192.168.1.2596', '1', '2020-04-03 13:37:48');
INSERT INTO `log_info` VALUES ('6e72044027f446dab7e767902e12de3c', 'IP192.168.1.2flash', '10IP192.168.1.2flashID4084', '1', NULL);
INSERT INTO `log_info` VALUES ('6ec2fc2ede9d461fa967e36c1ba68ed8', 'IP192.168.1.2adobe', '10IP192.168.1.2adobeID3896', '1', NULL);
INSERT INTO `log_info` VALUES ('71b0c9bc8937450fa5a319c2faf907ae', 'IP192.168.1.2anydesk', '10IP192.168.1.2anydeskID7068', '1', NULL);
INSERT INTO `log_info` VALUES ('72bd3a9897da4b328b0523667a0d603a', '', 'IP192.168.1.23306org.springframework.jdbc.CannotGetJdbcConnectionException: Failed to obtain JDBC Connection; nested exception is java.sql.SQLNonTransientConnectionException: Could not create connection to database server. Attempted reconnect 3 times. Giving up.', '1', '2020-04-07 06:21:21');
INSERT INTO `log_info` VALUES ('734d36f6b84a4b78a2526bcea86fd90a', '1', '1http://127.0.0.1:9999/wgcloud/agent/minTask404', '1', NULL);
INSERT INTO `log_info` VALUES ('736fba3e6cf84c1e83a3996134b3ab6c', '1', '1http://127.0.0.1:9999/wgcloud/agent/minTask404', '1', NULL);
INSERT INTO `log_info` VALUES ('75f75441eb0943a48d71aac9c4ae9316', 'IP192.168.1.2adobe', '10IP192.168.1.2adobeID3896', '1', NULL);
INSERT INTO `log_info` VALUES ('78e3a54aebaf4012bfce9f24fe482c22', '1', '1http://127.0.0.1:9999/wgcloud/agent/minTask404', '1', NULL);
INSERT INTO `log_info` VALUES ('7af043d7a65b4a649c5103e3d5494d71', '1', '1http://127.0.0.1:9999/wgcloud/agent/minTask404', '1', NULL);
INSERT INTO `log_info` VALUES ('7c52636cab42461d90f6623f368b3196', '1', '1http://127.0.0.1:9999/wgcloud/agent/minTask404', '1', NULL);
INSERT INTO `log_info` VALUES ('7d2287daca5c4466a5233a3d3d616248', '1', '1http://127.0.0.1:9999/wgcloud/agent/minTask404', '1', NULL);
INSERT INTO `log_info` VALUES ('7d62f16372a04f49a52f31c3a236300b', 'IP192.168.1.2adobe', '10IP192.168.1.2adobeID3896', '1', NULL);
INSERT INTO `log_info` VALUES ('7fe8ddac6ac441528e3655a0194bf97d', '', 'IP192.168.1.23306org.springframework.jdbc.CannotGetJdbcConnectionException: Failed to obtain JDBC Connection; nested exception is java.sql.SQLNonTransientConnectionException: Could not create connection to database server. Attempted reconnect 3 times. Giving up.', '1', '2020-04-07 03:30:58');
INSERT INTO `log_info` VALUES ('84305a793614453d917a38daac6ecdf3', '1', '1http://127.0.0.1:9999/wgcloud/agent/minTask404', '1', NULL);
INSERT INTO `log_info` VALUES ('86ee39511f624c55ba27c09173f09d18', '1', '1http://127.0.0.1:9999/wgcloud/agent/minTask404', '1', NULL);
INSERT INTO `log_info` VALUES ('880d7c255d5d442a860b3114c027085a', '1', '1http://127.0.0.1:9999/wgcloud/agent/minTask404', '1', NULL);
INSERT INTO `log_info` VALUES ('883095bdf5c347658f0272f0b43aa360', '1', '1http://127.0.0.1:9999/wgcloud/agent/minTask404', '1', NULL);
INSERT INTO `log_info` VALUES ('88f87c5bc8d94226927d7dfc498b90c9', '1', '1http://127.0.0.1:9999/wgcloud/agent/minTask404', '1', NULL);
INSERT INTO `log_info` VALUES ('8d191e7da67642b7a98e8a15c3d6c0a9', '1', '1http://127.0.0.1:9999/wgcloud/agent/minTask500', '1', NULL);
INSERT INTO `log_info` VALUES ('8e087f9c91a64c1da527c0855b5d5b06', '1', '1http://127.0.0.1:9999/wgcloud/agent/minTask404', '1', NULL);
INSERT INTO `log_info` VALUES ('9049615ab49746c582f9efd99391a9e9', '192.168.1.2', '10192.168.1.2', '1', NULL);
INSERT INTO `log_info` VALUES ('90c2785370974fcbbd6c38f0a9947bb9', 'IP192.168.1.2flash', '10IP192.168.1.2flashID4084', '1', NULL);
INSERT INTO `log_info` VALUES ('947df2d79bb840a3842e71c614c7eff0', '1', '1http://127.0.0.1:9999/wgcloud/agent/minTask404', '1', NULL);
INSERT INTO `log_info` VALUES ('94e06a73d7194200a85f56e858b3a773', '', 'IP192.168.1.23306org.springframework.jdbc.CannotGetJdbcConnectionException: Failed to obtain JDBC Connection; nested exception is com.mysql.jdbc.exceptions.jdbc4.MySQLNonTransientConnectionException: Could not create connection to database server. Attempted reconnect 3 times. Giving up.', '1', '2020-04-03 14:04:32');
INSERT INTO `log_info` VALUES ('956dc41163a04c468ec9cc2c92002d09', '', 'IP192.168.1.23306org.springframework.jdbc.CannotGetJdbcConnectionException: Failed to obtain JDBC Connection; nested exception is java.sql.SQLNonTransientConnectionException: Could not create connection to database server. Attempted reconnect 3 times. Giving up.', '1', '2020-04-03 07:20:54');
INSERT INTO `log_info` VALUES ('9624f4e48440443fb456d59d5db9fa19', '', 'IP192.168.1.23306org.springframework.jdbc.CannotGetJdbcConnectionException: Failed to obtain JDBC Connection; nested exception is java.sql.SQLNonTransientConnectionException: Could not create connection to database server. Attempted reconnect 3 times. Giving up.', '1', '2020-04-07 03:27:10');
INSERT INTO `log_info` VALUES ('982d79d8abbf4c7eafeacb13d31130b0', '', 'IP192.168.1.23306org.springframework.jdbc.CannotGetJdbcConnectionException: Failed to obtain JDBC Connection; nested exception is java.sql.SQLNonTransientConnectionException: Could not create connection to database server. Attempted reconnect 3 times. Giving up.', '1', '2020-04-07 07:18:20');
INSERT INTO `log_info` VALUES ('9a83b834a6434ca1b48698e24b18bb87', '', 'IP192.168.1.23306org.springframework.jdbc.CannotGetJdbcConnectionException: Failed to obtain JDBC Connection; nested exception is java.sql.SQLNonTransientConnectionException: Could not create connection to database server. Attempted reconnect 3 times. Giving up.', '1', '2020-04-07 08:19:10');
INSERT INTO `log_info` VALUES ('9a84ced8f5434f7c8da0d0da01e07d77', '1', '1http://127.0.0.1:9999/wgcloud/agent/minTask404', '1', NULL);
INSERT INTO `log_info` VALUES ('9ad4f61c63c24c649084ebaed24c3745', '', 'IP192.168.1.23306org.springframework.jdbc.CannotGetJdbcConnectionException: Failed to obtain JDBC Connection; nested exception is java.sql.SQLNonTransientConnectionException: Could not create connection to database server. Attempted reconnect 3 times. Giving up.', '1', '2020-04-03 07:20:54');
INSERT INTO `log_info` VALUES ('9addf7dd1c3f410c9f0a4fc19285532e', '', 'IP192.168.1.23306org.springframework.jdbc.CannotGetJdbcConnectionException: Failed to obtain JDBC Connection; nested exception is java.sql.SQLNonTransientConnectionException: Could not create connection to database server. Attempted reconnect 3 times. Giving up.', '1', '2020-04-07 07:32:42');
INSERT INTO `log_info` VALUES ('9b290f4d21d54e019665b285d9185afb', '', 'IP192.168.1.23306org.springframework.jdbc.CannotGetJdbcConnectionException: Failed to obtain JDBC Connection; nested exception is java.sql.SQLNonTransientConnectionException: Could not create connection to database server. Attempted reconnect 3 times. Giving up.', '1', '2020-04-07 07:37:01');
INSERT INTO `log_info` VALUES ('9b3af9030e0e4505b139644caff43bc6', '', 'IP192.168.1.23306org.springframework.jdbc.CannotGetJdbcConnectionException: Failed to obtain JDBC Connection; nested exception is java.sql.SQLNonTransientConnectionException: Could not create connection to database server. Attempted reconnect 3 times. Giving up.', '1', '2020-04-03 07:25:29');
INSERT INTO `log_info` VALUES ('9b5a6bc7b3e84465abeb5c5160bca394', '1', '1http://127.0.0.1:9999/wgcloud/agent/minTask404', '1', NULL);
INSERT INTO `log_info` VALUES ('9b9a38b36e7c43d19ef4098e9cd61eb8', 'IP192.168.1.2adobe', '10IP192.168.1.2adobeID3896', '1', NULL);
INSERT INTO `log_info` VALUES ('a00e676aa04f49659eb46d7b0d11ee77', '', 'org.springframework.dao.DataIntegrityViolationException: \r\n### Error updating database.  Cause: java.sql.SQLIntegrityConstraintViolationException: Column \'CREATE_TIME\' cannot be null\r\n### The error may involve com.bishe.mapper.LogInfoMapper.insertList-Inline\r\n### The error occurred while setting parameters\r\n### SQL: INSERT INTO LOG_INFO (ID,HOST_NAME,INFO_CONTENT,STATE,CREATE_TIME)  VALUES         (?,?,?,?,?)\r\n### Cause: java.sql.SQLIntegrityConstraintViolationException: Column \'CREATE_TIME\' cannot be null\n; Column \'CREATE_TIME\' cannot be null; nested exception is java.sql.SQLIntegrityConstraintViolationException: Column \'CREATE_TIME\' cannot be null', '1', '2020-04-03 07:04:05');
INSERT INTO `log_info` VALUES ('a0dcee4a4c224662894a4a5e66d83a2d', '', 'IP192.168.1.23306org.springframework.jdbc.CannotGetJdbcConnectionException: Failed to obtain JDBC Connection; nested exception is java.sql.SQLNonTransientConnectionException: Could not create connection to database server. Attempted reconnect 3 times. Giving up.', '1', '2020-04-03 07:58:51');
INSERT INTO `log_info` VALUES ('a31fdc8460274ddc92145c52e4dce194', '1', '1http://127.0.0.1:9999/wgcloud/agent/minTask404', '1', NULL);
INSERT INTO `log_info` VALUES ('a607b68c57fe4d7fa153c8e60e9dcf61', '1', '1http://127.0.0.1:9999/wgcloud/agent/minTask404', '1', NULL);
INSERT INTO `log_info` VALUES ('a7c3e14419714199a03654d79583455c', '', 'IP192.168.1.23306org.springframework.jdbc.CannotGetJdbcConnectionException: Failed to obtain JDBC Connection; nested exception is java.sql.SQLNonTransientConnectionException: Could not create connection to database server. Attempted reconnect 3 times. Giving up.', '1', '2020-04-07 06:23:58');
INSERT INTO `log_info` VALUES ('a85d97a1022143b9b6b1f56f36727847', '1', '1http://127.0.0.1:9999/wgcloud/agent/minTask404', '1', NULL);
INSERT INTO `log_info` VALUES ('aa1d9b61a8f54724bab350c7b576d3c8', '192.168.1.2', '192.168.1.21996', '1', '2020-04-03 13:37:46');
INSERT INTO `log_info` VALUES ('ab50553e751f49c29f559f31e3842da1', '1', '1http://127.0.0.1:9999/wgcloud/agent/minTask404', '1', NULL);
INSERT INTO `log_info` VALUES ('ace2ca17505844aa87959492f8fffed1', '', 'IP192.168.1.23306org.springframework.jdbc.CannotGetJdbcConnectionException: Failed to obtain JDBC Connection; nested exception is java.sql.SQLNonTransientConnectionException: Could not create connection to database server. Attempted reconnect 3 times. Giving up.', '1', '2020-04-07 07:05:34');
INSERT INTO `log_info` VALUES ('b0c295b1f7d24f3a91b886cb56d91e62', 'IP192.168.1.2adobe', '10IP192.168.1.2adobeID3896', '1', NULL);
INSERT INTO `log_info` VALUES ('b125738f1abf4b79bf7b17100f57cb69', '1', '1http://127.0.0.1:9999/wgcloud/agent/minTask404', '1', NULL);
INSERT INTO `log_info` VALUES ('b127a44fa04e4d66971744ac694cd44c', '1', '1http://127.0.0.1:9999/wgcloud/agent/minTask404', '1', NULL);
INSERT INTO `log_info` VALUES ('b4c1003d0a8040609405104f6fd2e2fd', 'IP192.168.1.2flash', '10IP192.168.1.2flashID4084', '1', NULL);
INSERT INTO `log_info` VALUES ('b5ecb49955d740f2a090927c73f121a7', '', 'IP192.168.1.23306org.springframework.jdbc.CannotGetJdbcConnectionException: Failed to obtain JDBC Connection; nested exception is java.sql.SQLNonTransientConnectionException: Could not create connection to database server. Attempted reconnect 3 times. Giving up.', '1', '2020-04-07 06:15:25');
INSERT INTO `log_info` VALUES ('b7becf2239394d1f8e96a6ed143d82a6', '1', '1http://127.0.0.1:9999/wgcloud/agent/minTask404', '1', NULL);
INSERT INTO `log_info` VALUES ('b7c7ddcf0a3d4851a7b737fdeae6517c', '1', '1http://127.0.0.1:9999/wgcloud/agent/minTask404', '1', NULL);
INSERT INTO `log_info` VALUES ('babd5545fc2b4409a7237c6147014d8c', '1', '1http://127.0.0.1:9999/wgcloud/agent/minTask404', '1', NULL);
INSERT INTO `log_info` VALUES ('bb8a5e66d985499eb52da35043639252', '', 'IP192.168.1.23306org.springframework.jdbc.CannotGetJdbcConnectionException: Failed to obtain JDBC Connection; nested exception is java.sql.SQLNonTransientConnectionException: Could not create connection to database server. Attempted reconnect 3 times. Giving up.', '1', '2020-04-03 07:20:24');
INSERT INTO `log_info` VALUES ('bbddcc4af19e4618ac96597091ff03df', '1', '1http://127.0.0.1:9999/wgcloud/agent/minTask404', '1', NULL);
INSERT INTO `log_info` VALUES ('befdecfe2acf45389d8d515b72767256', '', 'IP192.168.1.23306org.springframework.jdbc.CannotGetJdbcConnectionException: Failed to obtain JDBC Connection; nested exception is java.sql.SQLNonTransientConnectionException: Could not create connection to database server. Attempted reconnect 3 times. Giving up.', '1', '2020-04-07 05:06:12');
INSERT INTO `log_info` VALUES ('c24b959029094877b3aa8adf2c891ac2', 'IP192.168.1.2adobe', '10IP192.168.1.2adobeID3896', '1', NULL);
INSERT INTO `log_info` VALUES ('c283e2fcfa094d36864e7aa9b6ecfc20', 'IP192.168.1.2adobe', '10IP192.168.1.2adobeID3896', '1', NULL);
INSERT INTO `log_info` VALUES ('c30e47b23c6a4f32890cc82907cdc98e', '', 'IP192.168.1.23306org.springframework.jdbc.CannotGetJdbcConnectionException: Failed to obtain JDBC Connection; nested exception is java.sql.SQLNonTransientConnectionException: Could not create connection to database server. Attempted reconnect 3 times. Giving up.', '1', '2020-04-07 07:40:30');
INSERT INTO `log_info` VALUES ('ccb0ec66566b4444acaa3158b0a38a35', '1', '1http://127.0.0.1:9999/wgcloud/agent/minTask404', '1', NULL);
INSERT INTO `log_info` VALUES ('ccda42dc4dfc4ad3aeaaa8e259669f9f', '1', '1http://127.0.0.1:9999/wgcloud/agent/minTask404', '1', NULL);
INSERT INTO `log_info` VALUES ('cf48d9067ddc4df68d5a910acc814aad', '', 'IP192.168.1.23306org.springframework.jdbc.CannotGetJdbcConnectionException: Failed to obtain JDBC Connection; nested exception is java.sql.SQLNonTransientConnectionException: Could not create connection to database server. Attempted reconnect 3 times. Giving up.', '1', '2020-04-07 06:51:47');
INSERT INTO `log_info` VALUES ('d0f114e48a2649d3b2eddc3cc501fffe', '1', '1http://127.0.0.1:9999/wgcloud/agent/minTask404', '1', NULL);
INSERT INTO `log_info` VALUES ('d54fcab805544d6e998a48ead6d9ca8b', '', 'IP192.168.1.23306org.springframework.jdbc.CannotGetJdbcConnectionException: Failed to obtain JDBC Connection; nested exception is java.sql.SQLNonTransientConnectionException: Could not create connection to database server. Attempted reconnect 3 times. Giving up.', '1', '2020-04-07 07:56:47');
INSERT INTO `log_info` VALUES ('d739dd25851a487795a4ade3c6d77251', '', 'IP192.168.1.23306org.springframework.jdbc.CannotGetJdbcConnectionException: Failed to obtain JDBC Connection; nested exception is java.sql.SQLNonTransientConnectionException: Could not create connection to database server. Attempted reconnect 3 times. Giving up.', '1', '2020-04-07 06:38:22');
INSERT INTO `log_info` VALUES ('d7daaf942d2e4456862973e8fede5122', '', 'IP192.168.1.23306org.springframework.jdbc.CannotGetJdbcConnectionException: Failed to obtain JDBC Connection; nested exception is java.sql.SQLNonTransientConnectionException: Could not create connection to database server. Attempted reconnect 3 times. Giving up.', '1', '2020-04-07 07:47:41');
INSERT INTO `log_info` VALUES ('d8327a83dc1b400c97208ded8e8a84cd', '1', '1http://127.0.0.1:9999/wgcloud/agent/minTask404', '1', NULL);
INSERT INTO `log_info` VALUES ('da0ef52de81741149dfaed93047f1d2e', '', 'IP127.0.0.13306org.springframework.jdbc.CannotGetJdbcConnectionException: Failed to obtain JDBC Connection; nested exception is java.sql.SQLNonTransientConnectionException: Could not create connection to database server. Attempted reconnect 3 times. Giving up.', '1', '2020-04-03 06:53:35');
INSERT INTO `log_info` VALUES ('dbe321df09d44606962b9a8829c69975', '1', '1http://127.0.0.1:9999/wgcloud/agent/minTask404', '1', NULL);
INSERT INTO `log_info` VALUES ('ddab6b7d1d5b42bbbb8f62623f5a43b9', 'IP192.168.1.2flash', '10IP192.168.1.2flashID4084', '1', NULL);
INSERT INTO `log_info` VALUES ('df790820b8774b2092cd8157bd4a9ad6', '', 'IP192.168.1.23306org.springframework.jdbc.CannotGetJdbcConnectionException: Failed to obtain JDBC Connection; nested exception is java.sql.SQLNonTransientConnectionException: Could not create connection to database server. Attempted reconnect 3 times. Giving up.', '1', '2020-04-07 06:30:03');
INSERT INTO `log_info` VALUES ('e0a6f1cdff90467d8bc942a50febddf0', '', 'IP192.168.1.23306org.springframework.jdbc.CannotGetJdbcConnectionException: Failed to obtain JDBC Connection; nested exception is java.sql.SQLNonTransientConnectionException: Could not create connection to database server. Attempted reconnect 3 times. Giving up.', '1', '2020-04-07 03:54:51');
INSERT INTO `log_info` VALUES ('e24153e31fd441cc87b6f9a18a6a79b3', '1', '1http://127.0.0.1:9999/wgcloud/agent/minTask404', '1', NULL);
INSERT INTO `log_info` VALUES ('e3e7c4024e7448d08e826fd7bfb3dacb', '1', '1http://127.0.0.1:9999/wgcloud/agent/minTask404', '1', NULL);
INSERT INTO `log_info` VALUES ('e40bb2dfa7fa40f1a73c1a7aa5c27f10', 'IP192.168.1.2adobe', '10IP192.168.1.2adobeID3896', '1', NULL);
INSERT INTO `log_info` VALUES ('e42b9e04905c45c7a33297dd244e18a8', '1', '1http://127.0.0.1:9999/wgcloud/agent/minTask404', '1', NULL);
INSERT INTO `log_info` VALUES ('e59704b5f9664909a4d93ecaf314261e', '1', '1http://127.0.0.1:9999/wgcloud/agent/minTask404', '1', NULL);
INSERT INTO `log_info` VALUES ('e68168aec8654ab2ae7cf72e7cfdde36', '1', '1http://127.0.0.1:9999/wgcloud/agent/minTask404', '1', NULL);
INSERT INTO `log_info` VALUES ('e9efe8e5b23141819cd40354b24b1296', '', 'IP192.168.1.23306org.springframework.jdbc.CannotGetJdbcConnectionException: Failed to obtain JDBC Connection; nested exception is java.sql.SQLNonTransientConnectionException: Could not create connection to database server. Attempted reconnect 3 times. Giving up.', '1', '2020-04-07 07:00:17');
INSERT INTO `log_info` VALUES ('eb46d7e2102a4d818a87ba848fb20f1b', '', 'IP192.168.1.23306org.springframework.jdbc.CannotGetJdbcConnectionException: Failed to obtain JDBC Connection; nested exception is com.mysql.jdbc.exceptions.jdbc4.MySQLNonTransientConnectionException: Could not create connection to database server. Attempted reconnect 3 times. Giving up.', '1', '2020-04-03 14:11:59');
INSERT INTO `log_info` VALUES ('f07c0c8cd9984ca28a7cb6f7e02220b1', '1', '1http://127.0.0.1:9999/wgcloud/agent/minTask404', '1', NULL);
INSERT INTO `log_info` VALUES ('f1ece1a957af4549b2edc4fb85c9c449', '', 'IP192.168.1.23306org.springframework.jdbc.CannotGetJdbcConnectionException: Failed to obtain JDBC Connection; nested exception is java.sql.SQLNonTransientConnectionException: Could not create connection to database server. Attempted reconnect 3 times. Giving up.', '1', '2020-04-03 08:43:51');
INSERT INTO `log_info` VALUES ('f49eb6531aad48a08451a09963c73500', 'IP192.168.1.2adobe', '10IP192.168.1.2adobeID3896', '1', NULL);
INSERT INTO `log_info` VALUES ('f59db687cb3a4f5d8332414c76b2095f', '1', '1http://127.0.0.1:9999/wgcloud/agent/minTask404', '1', NULL);
INSERT INTO `log_info` VALUES ('f6cf08f350c0439e977e51830ccc7425', '', 'IP192.168.1.23306org.springframework.jdbc.CannotGetJdbcConnectionException: Failed to obtain JDBC Connection; nested exception is java.sql.SQLNonTransientConnectionException: Could not create connection to database server. Attempted reconnect 3 times. Giving up.', '1', '2020-04-07 06:17:55');
INSERT INTO `log_info` VALUES ('f6f5637b56c346e9a882452988314f8d', '', 'IP127.0.0.13306org.springframework.jdbc.CannotGetJdbcConnectionException: Failed to obtain JDBC Connection; nested exception is java.sql.SQLNonTransientConnectionException: Could not create connection to database server. Attempted reconnect 3 times. Giving up.', '1', '2020-04-03 07:16:51');
INSERT INTO `log_info` VALUES ('f7026385525a4e51a6ed1736d86692ea', '1', '1http://127.0.0.1:9999/wgcloud/agent/minTask404', '1', NULL);
INSERT INTO `log_info` VALUES ('fd55a165a2b443338d4f6bad2d75a972', 'IP192.168.1.2flash', '10IP192.168.1.2flashID4084', '1', NULL);
INSERT INTO `log_info` VALUES ('fd70d38da70a4b539b2bd2e8c2bd6f91', '1', '1http://127.0.0.1:9999/wgcloud/agent/minTask404', '1', NULL);
INSERT INTO `log_info` VALUES ('feb7efc9e748431f94cfd4df4795a1f3', 'IP192.168.1.2flash', '10IP192.168.1.2flashID4084', '1', NULL);
INSERT INTO `log_info` VALUES ('fff6fee73559462cb287c8ce2f71d802', 'IP192.168.1.2adobe', '10IP192.168.1.2adobeID3896', '1', NULL);

-- ----------------------------
-- Table structure for mail_set
-- ----------------------------
DROP TABLE IF EXISTS `mail_set`;
CREATE TABLE `mail_set`  (
  `ID` char(32) CHARACTER SET utf8 COLLATE utf8_unicode_ci NOT NULL,
  `SEND_MAIL` char(60) CHARACTER SET utf8 COLLATE utf8_unicode_ci NULL DEFAULT NULL,
  `FROM_MAIL_NAME` char(60) CHARACTER SET utf8 COLLATE utf8_unicode_ci NULL DEFAULT NULL,
  `FROM_PWD` char(30) CHARACTER SET utf8 COLLATE utf8_unicode_ci NULL DEFAULT NULL,
  `SMTP_HOST` char(50) CHARACTER SET utf8 COLLATE utf8_unicode_ci NULL DEFAULT NULL,
  `SMTP_PORT` char(30) CHARACTER SET utf8 COLLATE utf8_unicode_ci NULL DEFAULT NULL,
  `SMTP_SSL` char(30) CHARACTER SET utf8 COLLATE utf8_unicode_ci NULL DEFAULT NULL,
  `TO_MAIL` char(200) CHARACTER SET utf8 COLLATE utf8_unicode_ci NULL DEFAULT NULL,
  `CPU_PER` char(30) CHARACTER SET utf8 COLLATE utf8_unicode_ci NULL DEFAULT NULL,
  `CREATE_TIME` timestamp(0) NULL DEFAULT NULL,
  `MEM_PER` char(30) CHARACTER SET utf8 COLLATE utf8_unicode_ci NULL DEFAULT NULL,
  `HEATH_PER` char(30) CHARACTER SET utf8 COLLATE utf8_unicode_ci NULL DEFAULT NULL,
  PRIMARY KEY (`ID`) USING BTREE
) ENGINE = InnoDB CHARACTER SET = utf8 COLLATE = utf8_unicode_ci ROW_FORMAT = Dynamic;

-- ----------------------------
-- Table structure for mem_state
-- ----------------------------
DROP TABLE IF EXISTS `mem_state`;
CREATE TABLE `mem_state`  (
  `ID` char(32) CHARACTER SET utf8 COLLATE utf8_general_ci NOT NULL,
  `HOST_NAME` char(30) CHARACTER SET utf8 COLLATE utf8_general_ci NULL DEFAULT NULL,
  `TOTAL` char(30) CHARACTER SET utf8 COLLATE utf8_general_ci NULL DEFAULT NULL,
  `USED` char(30) CHARACTER SET utf8 COLLATE utf8_general_ci NULL DEFAULT NULL,
  `FREE` char(30) CHARACTER SET utf8 COLLATE utf8_general_ci NULL DEFAULT NULL,
  `USE_PER` double(8, 2) NULL DEFAULT NULL,
  `DATE_STR` char(30) CHARACTER SET utf8 COLLATE utf8_general_ci NULL DEFAULT NULL,
  `CREATE_TIME` timestamp(0) NULL DEFAULT NULL,
  PRIMARY KEY (`ID`) USING BTREE,
  INDEX `MEM_ACC_HOST_INDEX`(`HOST_NAME`, `CREATE_TIME`) USING BTREE
) ENGINE = InnoDB CHARACTER SET = utf8 COLLATE = utf8_general_ci ROW_FORMAT = Dynamic;

-- ----------------------------
-- Records of mem_state
-- ----------------------------
INSERT INTO `mem_state` VALUES ('00bb7d40a10c45a984214548444a7327', '192.168.1.2', '16247', '8489', '7757', 52.20, '04-03 13:23:12', '2020-04-03 13:23:12');
INSERT INTO `mem_state` VALUES ('013b2f6831a540a09bc0a7a8bbe4c123', '192.168.1.2', '16247', '8070', '8176', 49.70, '04-07 11:23:47', '2020-04-07 03:23:47');
INSERT INTO `mem_state` VALUES ('02e63ce8369c442c908736428edd6c3b', '192.168.1.2', '16247', '8136', '8111', 50.10, '04-03 14:12:23', '2020-04-03 14:12:23');
INSERT INTO `mem_state` VALUES ('0384eff5900c444da9f90a7bd5aa5b43', '192.168.1.2', '16247', '8643', '7603', 53.20, '04-03 12:38:36', '2020-04-03 12:38:36');
INSERT INTO `mem_state` VALUES ('043231e064d94809b5bc863a1a9ae145', '192.168.1.2', '16247', '8322', '7924', 51.20, '04-07 14:39:40', '2020-04-07 06:39:40');
INSERT INTO `mem_state` VALUES ('04ac831e72a34cc29a69cec8b5cc7114', '192.168.1.2', '16247', '8587', '7659', 52.90, '04-03 12:37:06', '2020-04-03 12:37:06');
INSERT INTO `mem_state` VALUES ('056f765070cc4ca1a6aec157473e80fb', '192.168.1.2', '16247', '8803', '7444', 54.20, '04-07 11:50:32', '2020-04-07 03:50:32');
INSERT INTO `mem_state` VALUES ('060bb151d10a4c718aaae9c481d3bcb2', '192.168.1.2', '16247', '9072', '7175', 55.80, '04-03 12:59:36', '2020-04-03 12:59:36');
INSERT INTO `mem_state` VALUES ('07cae054b0694df7ab236f1f7d80e6c5', '192.168.1.2', '16247', '8046', '8200', 49.50, '04-07 11:34:18', '2020-04-07 03:34:18');
INSERT INTO `mem_state` VALUES ('0808cc543ecf4e86aa3a0f7debfb1ad3', '192.168.1.2', '16247', '8029', '8217', 49.40, '04-07 13:08:00', '2020-04-07 05:08:00');
INSERT INTO `mem_state` VALUES ('0acb21d52c7645e8865d7e7969810e37', '192.168.1.2', '16247', '8297', '7950', 51.10, '04-07 15:32:10', '2020-04-07 07:32:10');
INSERT INTO `mem_state` VALUES ('0c9ea9bab6c84551b86c0d91c8cc9a9e', '192.168.1.2', '16247', '8311', '7936', 51.20, '04-07 14:30:40', '2020-04-07 06:30:40');
INSERT INTO `mem_state` VALUES ('0df3c0469a8041088dfcf58969bd604a', '192.168.1.2', '16247', '8924', '7322', 54.90, '04-03 12:46:06', '2020-04-03 12:46:06');
INSERT INTO `mem_state` VALUES ('0e4dd6bbe81140a39236fabd913a7370', '192.168.1.2', '16247', '8094', '8153', 49.80, '04-03 14:09:23', '2020-04-03 14:09:23');
INSERT INTO `mem_state` VALUES ('0ea57902936740d2bb521225d701f1c2', '192.168.1.2', '16247', '9727', '6519', 59.90, '04-03 11:28:58', '2020-04-03 11:28:58');
INSERT INTO `mem_state` VALUES ('0fc966386da64613aa69a234f4cfb067', '192.168.1.2', '16247', '8439', '7807', 51.90, '04-07 14:44:10', '2020-04-07 06:44:10');
INSERT INTO `mem_state` VALUES ('10a5ea871468472ba54b28f72d0dbb90', '192.168.1.2', '16247', '9278', '6968', 57.10, '04-03 11:55:34', '2020-04-03 11:55:34');
INSERT INTO `mem_state` VALUES ('142db221dd444625854f6df1cc919bb9', '192.168.1.2', '16247', '9219', '7028', 56.70, '04-03 12:49:06', '2020-04-03 12:49:06');
INSERT INTO `mem_state` VALUES ('151207146e1b40b88ee19a393ad57ca4', '192.168.1.2', '16247', '8092', '8155', 49.80, '04-07 15:08:10', '2020-04-07 07:08:10');
INSERT INTO `mem_state` VALUES ('1617a4ad7def4d16adad6bdfe529b352', '192.168.1.2', '16247', '8193', '8054', 50.40, '04-07 14:29:10', '2020-04-07 06:29:10');
INSERT INTO `mem_state` VALUES ('17ca641b477947a1be768b8f884eb7f8', '192.168.1.2', '16247', '8632', '7614', 53.10, '04-03 13:24:42', '2020-04-03 13:24:42');
INSERT INTO `mem_state` VALUES ('18116b663b174307bcb996cda1671d80', '192.168.1.2', '16247', '9589', '6657', 59.00, '04-03 11:33:28', '2020-04-03 11:33:28');
INSERT INTO `mem_state` VALUES ('1811f9bd46eb4eb5a5c10d06139fac4c', '192.168.1.2', '16247', '9033', '7213', 55.60, '04-03 12:05:17', '2020-04-03 12:05:17');
INSERT INTO `mem_state` VALUES ('18e39d05d0f541439584638a34b70cbe', '192.168.1.2', '16247', '8001', '8245', 49.20, '04-07 13:06:30', '2020-04-07 05:06:30');
INSERT INTO `mem_state` VALUES ('190d27745998449aa2b4481e9fe7f8ec', '192.168.1.2', '16247', '7846', '8401', 48.30, '04-07 13:26:36', '2020-04-07 05:26:36');
INSERT INTO `mem_state` VALUES ('1a03251cb0cb42c281194ccc0115bd6c', '192.168.1.2', '16247', '9611', '6635', 59.20, '04-03 11:25:58', '2020-04-03 11:25:58');
INSERT INTO `mem_state` VALUES ('1b1b74a2e2514cc78059ca6ea3300309', '192.168.1.2', '16247', '8189', '8057', 50.40, '04-07 11:05:03', '2020-04-07 03:05:03');
INSERT INTO `mem_state` VALUES ('1dcc5bb421584274ac10f6f84fdc49a4', '192.168.1.2', '16247', '8204', '8042', 50.50, '04-07 15:38:56', '2020-04-07 07:38:56');
INSERT INTO `mem_state` VALUES ('20d71567c4554c9089d4f2049ad01ab4', '192.168.1.2', '16247', '8122', '8124', 50.00, '04-07 14:50:10', '2020-04-07 06:50:10');
INSERT INTO `mem_state` VALUES ('2213b30a76284879a37495920fa7939a', '192.168.1.2', '16247', '8311', '7936', 51.20, '04-03 13:18:47', '2020-04-03 13:18:47');
INSERT INTO `mem_state` VALUES ('223186d94da441fe9648b17b4fe977d0', '192.168.1.2', '16247', '8872', '7375', 54.60, '04-07 11:59:32', '2020-04-07 03:59:32');
INSERT INTO `mem_state` VALUES ('258cbac58ecc4bec95eb7b25f96635cc', '192.168.1.2', '16247', '8193', '8053', 50.40, '04-07 11:42:55', '2020-04-07 03:42:55');
INSERT INTO `mem_state` VALUES ('26542a9444a14c7587624fe17c32ce31', '192.168.1.2', '16247', '9384', '6863', 57.80, '04-03 11:51:04', '2020-04-03 11:51:04');
INSERT INTO `mem_state` VALUES ('2668e12dce1d4b04a52ab720a33b1a92', '192.168.1.2', '16247', '8226', '8021', 50.60, '04-07 14:59:10', '2020-04-07 06:59:10');
INSERT INTO `mem_state` VALUES ('269a2c962df04f47a521921f42179694', '192.168.1.2', '16247', '8303', '7943', 51.10, '04-07 16:19:18', '2020-04-07 08:19:18');
INSERT INTO `mem_state` VALUES ('27eed0503d0446fea1c1570b810c9612', '192.168.1.2', '16247', '8247', '7999', 50.80, '04-07 15:44:56', '2020-04-07 07:44:56');
INSERT INTO `mem_state` VALUES ('290515bb43894f079fc560bcf0dbe37c', '192.168.1.2', '16247', '8039', '8208', 49.50, '04-03 14:06:11', '2020-04-03 14:06:11');
INSERT INTO `mem_state` VALUES ('2bb2ceb2c0ce48aaae26c9e55f89f738', '192.168.1.2', '16247', '8844', '7402', 54.40, '04-03 13:30:42', '2020-04-03 13:30:42');
INSERT INTO `mem_state` VALUES ('2c00a858556e4ce296cd334fe43780ab', '192.168.1.2', '16247', '7939', '8308', 48.90, '04-07 13:21:29', '2020-04-07 05:21:29');
INSERT INTO `mem_state` VALUES ('2dae1b087d474fccb465a94d9ade10f1', '192.168.1.2', '16247', '8626', '7620', 53.10, '04-03 12:20:36', '2020-04-03 12:20:36');
INSERT INTO `mem_state` VALUES ('2ec12cc4950d43e3b5e3b82238ddaf19', '192.168.1.2', '16247', '8102', '8144', 49.90, '04-03 14:15:23', '2020-04-03 14:15:23');
INSERT INTO `mem_state` VALUES ('31377ed4c3da48e297ef7c0f9055c96a', '192.168.1.2', '16247', '8814', '7433', 54.30, '04-03 13:41:14', '2020-04-03 13:41:14');
INSERT INTO `mem_state` VALUES ('34462f2c7a574d4b8dbc1658b9e04ec1', '192.168.1.2', '16247', '8283', '7963', 51.00, '04-07 14:54:40', '2020-04-07 06:54:40');
INSERT INTO `mem_state` VALUES ('3739f7a21be84e18b8f122d33b92d1b4', '192.168.1.2', '16247', '8682', '7564', 53.40, '04-03 12:23:36', '2020-04-03 12:23:36');
INSERT INTO `mem_state` VALUES ('39136f8d667e4f43a78a12bf25bb452d', '192.168.1.2', '16247', '8607', '7639', 53.00, '04-07 10:58:35', '2020-04-07 02:58:35');
INSERT INTO `mem_state` VALUES ('3b1705f948d94ce58a491921a26d7485', '192.168.1.2', '16247', '9094', '7153', 56.00, '04-03 13:42:44', '2020-04-03 13:42:44');
INSERT INTO `mem_state` VALUES ('3b6abd4c0e52424c84ea26a47a3e86d9', '192.168.1.2', '16247', '9014', '7232', 55.50, '04-07 11:55:02', '2020-04-07 03:55:02');
INSERT INTO `mem_state` VALUES ('3c1e16555b2442fa93608dd33f54729c', '192.168.1.2', '16247', '8516', '7731', 52.40, '04-07 14:41:10', '2020-04-07 06:41:10');
INSERT INTO `mem_state` VALUES ('3c4cf720212e4cb6972c3e9ef91b01bc', '192.168.1.2', '16247', '8354', '7892', 51.40, '04-07 16:16:18', '2020-04-07 08:16:18');
INSERT INTO `mem_state` VALUES ('3d6e7fd708354cbba3064a129e50cd8b', '192.168.1.2', '16247', '8637', '7610', 53.20, '04-03 12:28:06', '2020-04-03 12:28:06');
INSERT INTO `mem_state` VALUES ('3e84a8ef9c224cd9bcc479a5812489d8', '192.168.1.2', '16247', '8437', '7809', 51.90, '04-07 15:51:07', '2020-04-07 07:51:07');
INSERT INTO `mem_state` VALUES ('3f56eb7ffcf6460e991d444a8bcb420e', '192.168.1.2', '16247', '8532', '7714', 52.50, '04-03 13:47:14', '2020-04-03 13:47:14');
INSERT INTO `mem_state` VALUES ('3f7e5b15cc624563826ac1f25a9cdbc4', '192.168.1.2', '16247', '9555', '6691', 58.80, '04-03 11:44:27', '2020-04-03 11:44:27');
INSERT INTO `mem_state` VALUES ('3fcf0a9d866f4fe496ac4b100a876eb9', '192.168.1.2', '16247', '8411', '7835', 51.80, '04-07 16:10:18', '2020-04-07 08:10:18');
INSERT INTO `mem_state` VALUES ('419d1928ada8445fa8b9fc6e15ce3d92', '192.168.1.2', '16247', '8506', '7741', 52.40, '04-07 10:55:35', '2020-04-07 02:55:35');
INSERT INTO `mem_state` VALUES ('427971990aad49e8ac8390e3d20e1d43', '192.168.1.2', '16247', '7894', '8352', 48.60, '04-07 13:05:00', '2020-04-07 05:05:00');
INSERT INTO `mem_state` VALUES ('454d2cd64a844de980750e608f25e64d', '192.168.1.2', '16247', '8118', '8129', 50.00, '04-07 13:09:30', '2020-04-07 05:09:30');
INSERT INTO `mem_state` VALUES ('4597ab0d7d174befa58b6d097fafb0d5', '192.168.1.2', '16247', '9304', '6942', 57.30, '04-03 13:01:06', '2020-04-03 13:01:06');
INSERT INTO `mem_state` VALUES ('49d24d9f1afa4090b9a1e174a853c402', '192.168.1.2', '16247', '8091', '8156', 49.80, '04-03 14:13:53', '2020-04-03 14:13:53');
INSERT INTO `mem_state` VALUES ('4d26dffdd8f84271a161a6f658b534fb', '192.168.1.2', '16247', '8189', '8058', 50.40, '04-07 11:44:18', '2020-04-07 03:44:18');
INSERT INTO `mem_state` VALUES ('4e06634e888444c69fab86db09840973', '192.168.1.2', '16247', '9253', '6994', 57.00, '04-03 13:04:06', '2020-04-03 13:04:06');
INSERT INTO `mem_state` VALUES ('4f527f5177cf4fad8054e8ebbeb0f0e3', '192.168.1.2', '16247', '8247', '7999', 50.80, '04-07 15:05:10', '2020-04-07 07:05:10');
INSERT INTO `mem_state` VALUES ('4f9c9287e9cd4117a194e7f192784124', '192.168.1.2', '16247', '8264', '7982', 50.90, '04-07 15:12:40', '2020-04-07 07:12:40');
INSERT INTO `mem_state` VALUES ('4fa11264604245cfaf8310bf669310a4', '192.168.1.2', '16247', '8577', '7669', 52.80, '04-03 12:26:36', '2020-04-03 12:26:36');
INSERT INTO `mem_state` VALUES ('505f15726f574fea8695cac025facf76', '192.168.1.2', '16247', '8689', '7557', 53.50, '04-03 12:25:06', '2020-04-03 12:25:06');
INSERT INTO `mem_state` VALUES ('5207fba6469344198a73625158180794', '192.168.1.2', '16247', '8246', '8000', 50.80, '04-07 15:46:37', '2020-04-07 07:46:37');
INSERT INTO `mem_state` VALUES ('52e96ff50dac41959fdfe8dfb67cbdcb', '192.168.1.2', '16247', '8092', '8155', 49.80, '04-07 11:21:06', '2020-04-07 03:21:06');
INSERT INTO `mem_state` VALUES ('5361d4df10264a688b455642bb412117', '192.168.1.2', '16247', '8394', '7853', 51.70, '04-07 16:11:48', '2020-04-07 08:11:48');
INSERT INTO `mem_state` VALUES ('5486b0e8a6644d0197ff833b160e3e28', '192.168.1.2', '16247', '9012', '7235', 55.50, '04-03 12:00:47', '2020-04-03 12:00:47');
INSERT INTO `mem_state` VALUES ('55732059d8c74a91944efc9370d5415b', '192.168.1.2', '16247', '8611', '7635', 53.00, '04-07 11:53:32', '2020-04-07 03:53:32');
INSERT INTO `mem_state` VALUES ('5673fff9d7d247799fde4c764f8bde2a', '192.168.1.2', '16247', '8954', '7292', 55.10, '04-03 12:17:36', '2020-04-03 12:17:36');
INSERT INTO `mem_state` VALUES ('5857384eda3240b785fef28634e9d6bc', '192.168.1.2', '16247', '8187', '8059', 50.40, '04-07 15:21:40', '2020-04-07 07:21:40');
INSERT INTO `mem_state` VALUES ('58a71e235d3048c9bc6c345992654557', '192.168.1.2', '16247', '8747', '7500', 53.80, '04-07 11:49:02', '2020-04-07 03:49:02');
INSERT INTO `mem_state` VALUES ('5abccef1c4e64e09b79f3acbe1d3e00d', '192.168.1.2', '16247', '8449', '7798', 52.00, '04-07 16:13:18', '2020-04-07 08:13:18');
INSERT INTO `mem_state` VALUES ('5b47fb1f599c4ab1837476941f2c86bb', '192.168.1.2', '16247', '8607', '7640', 53.00, '04-03 12:29:36', '2020-04-03 12:29:36');
INSERT INTO `mem_state` VALUES ('5cd29c627f0d4c3f91a2ff6b859b0591', '192.168.1.2', '16247', '8159', '8087', 50.20, '04-07 13:11:00', '2020-04-07 05:11:00');
INSERT INTO `mem_state` VALUES ('5fb37c9911ae4c6e8ea36b6c6bee0467', '192.168.1.2', '16247', '9438', '6808', 58.10, '04-03 11:45:57', '2020-04-03 11:45:57');
INSERT INTO `mem_state` VALUES ('6043fecc4a9d420ab8f492a3438b5d6f', '192.168.1.2', '16247', '8228', '8018', 50.60, '04-03 13:17:17', '2020-04-03 13:17:17');
INSERT INTO `mem_state` VALUES ('607502ae7c444f0ab29b8b49c43b017b', '192.168.1.2', '16247', '8344', '7902', 51.40, '04-07 16:17:48', '2020-04-07 08:17:48');
INSERT INTO `mem_state` VALUES ('60d944df698049a0b0a08aac6be6155a', '192.168.1.2', '16247', '8558', '7688', 52.70, '04-03 13:45:44', '2020-04-03 13:45:44');
INSERT INTO `mem_state` VALUES ('6117c58c183446b1a96b92efcf7b3839', '192.168.1.2', '16247', '8665', '7581', 53.30, '04-07 14:47:10', '2020-04-07 06:47:10');
INSERT INTO `mem_state` VALUES ('62641f24f6d14a34bbc322464803ef54', '192.168.1.2', '16247', '8171', '8076', 50.30, '04-07 15:24:40', '2020-04-07 07:24:40');
INSERT INTO `mem_state` VALUES ('64855045d1a145a7b4b4d4f4aad2cf23', '192.168.1.2', '16247', '8250', '7996', 50.80, '04-07 14:51:40', '2020-04-07 06:51:40');
INSERT INTO `mem_state` VALUES ('64d9aa77a7544c56a6b15ea70ad1e899', '192.168.1.2', '16247', '8998', '7249', 55.40, '04-03 12:19:06', '2020-04-03 12:19:06');
INSERT INTO `mem_state` VALUES ('6645ac60ccb64abc9ecb24023f0050e6', '192.168.1.2', '16247', '8210', '8036', 50.50, '04-07 13:12:30', '2020-04-07 05:12:30');
INSERT INTO `mem_state` VALUES ('677f10e8ac9a413391676a4cb5e64a51', '192.168.1.2', '16247', '8156', '8091', 50.20, '04-07 11:03:05', '2020-04-07 03:03:05');
INSERT INTO `mem_state` VALUES ('68a447165e3e45ae98c8c8d36f45e733', '192.168.1.2', '16247', '8030', '8216', 49.40, '04-03 14:01:34', '2020-04-03 14:01:34');
INSERT INTO `mem_state` VALUES ('6988364c6b0742d8b631c2b4f9e924ca', '192.168.1.2', '16247', '8237', '8009', 50.70, '04-07 15:49:37', '2020-04-07 07:49:37');
INSERT INTO `mem_state` VALUES ('6c1f5caf66d94beea41e521a5cc2bb86', '192.168.1.2', '16247', '8416', '7830', 51.80, '04-07 15:52:37', '2020-04-07 07:52:37');
INSERT INTO `mem_state` VALUES ('6d6edbcef4b54151a354e1425a18490a', '192.168.1.2', '16247', '9181', '7065', 56.50, '04-03 12:11:36', '2020-04-03 12:11:36');
INSERT INTO `mem_state` VALUES ('6efa40a1572d4dce8c36b59656c247fa', '192.168.1.2', '16247', '9706', '6541', 59.70, '04-03 11:24:24', '2020-04-03 11:24:24');
INSERT INTO `mem_state` VALUES ('6f5594e813af4f8fb7ee8a1596f9c460', '192.168.1.2', '16247', '8966', '7280', 55.20, '04-03 12:08:36', '2020-04-03 12:08:36');
INSERT INTO `mem_state` VALUES ('6f81767743a3485a989fa7e1851a169a', '192.168.1.2', '16247', '8346', '7901', 51.40, '04-03 13:20:12', '2020-04-03 13:20:12');
INSERT INTO `mem_state` VALUES ('70130c76253b4be88fa81aae9bdafa8b', '192.168.1.2', '16247', '8085', '8162', 49.80, '04-07 11:19:36', '2020-04-07 03:19:36');
INSERT INTO `mem_state` VALUES ('7068d7234fac4f5d95629cb9d4ffcd6f', '192.168.1.2', '16247', '8588', '7658', 52.90, '04-03 13:48:44', '2020-04-03 13:48:44');
INSERT INTO `mem_state` VALUES ('70f276cbdc994ffdb13a818b6f3d7511', '192.168.1.2', '16247', '8212', '8034', 50.50, '04-07 13:14:00', '2020-04-07 05:14:00');
INSERT INTO `mem_state` VALUES ('71c9ab1b8fd547f19ce6700d204ed3cb', '192.168.1.2', '16247', '8051', '8195', 49.60, '04-03 13:14:25', '2020-04-03 13:14:25');
INSERT INTO `mem_state` VALUES ('722266ce00c64d17b4a3be42c2f677d5', '192.168.1.2', '16247', '8432', '7814', 51.90, '04-07 15:02:10', '2020-04-07 07:02:10');
INSERT INTO `mem_state` VALUES ('72f6abe6dd0b490c93627a3578ec4ee6', '192.168.1.2', '16247', '8448', '7798', 52.00, '04-03 13:21:42', '2020-04-03 13:21:42');
INSERT INTO `mem_state` VALUES ('7378f5189e8d4fb5a1eab28c055ac166', '192.168.1.2', '16247', '8496', '7750', 52.30, '04-07 14:32:10', '2020-04-07 06:32:10');
INSERT INTO `mem_state` VALUES ('7546ae3b62a94610a5998744aaf42873', '192.168.1.2', '16247', '8403', '7843', 51.70, '04-07 15:35:56', '2020-04-07 07:35:56');
INSERT INTO `mem_state` VALUES ('764500fd56c44f9ebed2673d5be724b4', '192.168.1.2', '16247', '8093', '8153', 49.80, '04-07 14:56:10', '2020-04-07 06:56:10');
INSERT INTO `mem_state` VALUES ('78e3b7e78f964fe2944b000816ffb8cc', '192.168.1.2', '16247', '8488', '7759', 52.20, '04-07 10:54:05', '2020-04-07 02:54:05');
INSERT INTO `mem_state` VALUES ('794486ac600745668bcc39c1eda9aedb', '192.168.1.2', '16247', '9497', '6749', 58.50, '04-03 11:47:27', '2020-04-03 11:47:27');
INSERT INTO `mem_state` VALUES ('7a340cf9b393436eb5aed9ede1ed3848', '192.168.1.2', '16247', '8433', '7814', 51.90, '04-07 14:33:40', '2020-04-07 06:33:40');
INSERT INTO `mem_state` VALUES ('7a88a2e641f4424584cbb6de809a48f0', '192.168.1.2', '16247', '8405', '7842', 51.70, '04-07 15:59:48', '2020-04-07 07:59:48');
INSERT INTO `mem_state` VALUES ('7cef00ba383541818d2b9da1695d5cb6', '192.168.1.2', '16247', '9215', '7032', 56.70, '04-03 12:50:36', '2020-04-03 12:50:36');
INSERT INTO `mem_state` VALUES ('7d703cf47dc643778e62e116205098f6', '192.168.1.2', '16247', '8211', '8035', 50.50, '04-03 13:15:47', '2020-04-03 13:15:47');
INSERT INTO `mem_state` VALUES ('818f0acaec1b47249e3bdea3cf7b480d', '192.168.1.2', '16247', '9216', '7031', 56.70, '04-03 12:10:06', '2020-04-03 12:10:06');
INSERT INTO `mem_state` VALUES ('827b8925fd7340aa829c8727aba6f396', '192.168.1.2', '16247', '8111', '8136', 49.90, '04-07 15:17:10', '2020-04-07 07:17:10');
INSERT INTO `mem_state` VALUES ('8327c1c5a3334e1e8e0ad5b163dcb8db', '192.168.1.2', '16247', '9713', '6533', 59.80, '04-03 11:39:28', '2020-04-03 11:39:28');
INSERT INTO `mem_state` VALUES ('83802062c01142fe851205d120b55369', '192.168.1.2', '16247', '8238', '8008', 50.70, '04-07 13:16:52', '2020-04-07 05:16:52');
INSERT INTO `mem_state` VALUES ('8528f341c9a8412a89d62f6216080a75', '192.168.1.2', '16247', '8129', '8117', 50.00, '04-07 15:20:10', '2020-04-07 07:20:10');
INSERT INTO `mem_state` VALUES ('85b282960e01499d96fa9fb604015847', '192.168.1.2', '16247', '8425', '7822', 51.90, '04-07 16:25:51', '2020-04-07 08:25:51');
INSERT INTO `mem_state` VALUES ('861a91239ecc4b4b949772b48e7630de', '192.168.1.2', '16247', '8193', '8053', 50.40, '04-03 14:16:53', '2020-04-03 14:16:53');
INSERT INTO `mem_state` VALUES ('883d117a27294b94be0ae9e63d0ff594', '192.168.1.2', '16247', '9648', '6599', 59.40, '04-03 11:41:27', '2020-04-03 11:41:27');
INSERT INTO `mem_state` VALUES ('899f1cb2ca994fd3800ecb0af597492d', '192.168.1.2', '16247', '9068', '7178', 55.80, '04-03 12:56:36', '2020-04-03 12:56:36');
INSERT INTO `mem_state` VALUES ('89bf481712b041d8bc3b54513b24ed96', '192.168.1.2', '16247', '9143', '7103', 56.30, '04-03 13:02:36', '2020-04-03 13:02:36');
INSERT INTO `mem_state` VALUES ('8a6ffbfd5e044a1894ed0ca0018b8426', '192.168.1.2', '16247', '8097', '8149', 49.80, '04-07 15:03:40', '2020-04-07 07:03:40');
INSERT INTO `mem_state` VALUES ('8c168a1f55c647a08b20e7a44d8eb6b0', '192.168.1.2', '16247', '8252', '7994', 50.80, '04-07 11:00:05', '2020-04-07 03:00:05');
INSERT INTO `mem_state` VALUES ('8c1fd77f19454df5b766530d1d63f030', '192.168.1.2', '16247', '8935', '7312', 55.00, '04-03 13:36:44', '2020-04-03 13:36:44');
INSERT INTO `mem_state` VALUES ('8e663d63793b429eb40131d462d182c6', '192.168.1.2', '16247', '9008', '7239', 55.40, '04-03 13:33:44', '2020-04-03 13:33:44');
INSERT INTO `mem_state` VALUES ('9010aeb2128f4c4ca3055672ae23edc0', '192.168.1.2', '16247', '8156', '8090', 50.20, '04-07 15:29:10', '2020-04-07 07:29:10');
INSERT INTO `mem_state` VALUES ('9266215f0d2446298c9d70e805b7f42c', '192.168.1.2', '16247', '8416', '7831', 51.80, '04-07 15:55:37', '2020-04-07 07:55:37');
INSERT INTO `mem_state` VALUES ('93d402e97e1d419282c2ab5569b518f7', '192.168.1.2', '16247', '8273', '7973', 50.90, '04-07 14:38:10', '2020-04-07 06:38:10');
INSERT INTO `mem_state` VALUES ('93ef41768f6e4ffc8d5ab4f33d6a0183', '192.168.1.2', '16247', '8222', '8025', 50.60, '04-07 11:41:08', '2020-04-07 03:41:08');
INSERT INTO `mem_state` VALUES ('a390ea2daf144aa08753ab6f06f3bfb3', '192.168.1.2', '16247', '8133', '8114', 50.10, '04-03 14:04:34', '2020-04-03 14:04:34');
INSERT INTO `mem_state` VALUES ('a52617f1dc4e49f4b085d4710e188c81', '192.168.1.2', '16247', '8672', '7574', 53.40, '04-03 12:32:36', '2020-04-03 12:32:36');
INSERT INTO `mem_state` VALUES ('a53de032c5ab4b84a6d75d7fe33f9150', '192.168.1.2', '16247', '8667', '7579', 53.30, '04-03 12:44:36', '2020-04-03 12:44:36');
INSERT INTO `mem_state` VALUES ('a56f658c7c854d80aa24ca43b2773af6', '192.168.1.2', '16247', '9146', '7100', 56.30, '04-03 12:16:06', '2020-04-03 12:16:06');
INSERT INTO `mem_state` VALUES ('a686d151bbe446618251151335e33b67', '192.168.1.2', '16247', '9063', '7183', 55.80, '04-03 13:39:44', '2020-04-03 13:39:44');
INSERT INTO `mem_state` VALUES ('a73fbb90d9f74dcd900f7c297dd03cf3', '192.168.1.2', '16247', '8665', '7581', 53.30, '04-03 12:34:06', '2020-04-03 12:34:06');
INSERT INTO `mem_state` VALUES ('a890bd0c4ab643a892c2587ecd92aa7f', '192.168.1.2', '16247', '8265', '7982', 50.90, '04-07 15:06:40', '2020-04-07 07:06:40');
INSERT INTO `mem_state` VALUES ('a8d0cee9006f4d94a91d674500d9ca22', '192.168.1.2', '16247', '8091', '8156', 49.80, '04-07 15:18:40', '2020-04-07 07:18:40');
INSERT INTO `mem_state` VALUES ('ac3045ba920c4746890d5efffc58963b', '192.168.1.2', '16247', '9029', '7217', 55.60, '04-03 12:02:17', '2020-04-03 12:02:17');
INSERT INTO `mem_state` VALUES ('aef3415ed39844c7ad6abc639a02060f', '192.168.1.2', '16247', '8253', '7994', 50.80, '04-07 14:24:40', '2020-04-07 06:24:40');
INSERT INTO `mem_state` VALUES ('b0e09f2d5909446bad8dbbfe7d697a2d', '192.168.1.2', '16247', '8670', '7577', 53.40, '04-03 13:27:42', '2020-04-03 13:27:42');
INSERT INTO `mem_state` VALUES ('b29db30c558f418d9629eef8689b5e70', '192.168.1.2', '16247', '8393', '7853', 51.70, '04-07 16:21:21', '2020-04-07 08:21:21');
INSERT INTO `mem_state` VALUES ('b3ad3910520b427392a4e401b176e856', '192.168.1.2', '16247', '8291', '7956', 51.00, '04-07 15:41:56', '2020-04-07 07:41:56');
INSERT INTO `mem_state` VALUES ('b3ebce91f76043e1a0a06ac78a850f23', '192.168.1.2', '16247', '8241', '8005', 50.70, '04-07 13:15:30', '2020-04-07 05:15:30');
INSERT INTO `mem_state` VALUES ('b479fef947e9428dbebfd1781be8806b', '192.168.1.2', '16247', '8629', '7618', 53.10, '04-03 12:31:06', '2020-04-03 12:31:06');
INSERT INTO `mem_state` VALUES ('b5d324500057432fba86ca12f5259c45', '192.168.1.2', '16247', '8179', '8067', 50.30, '04-07 15:23:10', '2020-04-07 07:23:10');
INSERT INTO `mem_state` VALUES ('b6486dcaff4346a9b48e5444c6257f83', '192.168.1.2', '16247', '9051', '7195', 55.70, '04-03 13:44:14', '2020-04-03 13:44:14');
INSERT INTO `mem_state` VALUES ('b69f60979a2b46d49d6800ac445be042', '192.168.1.2', '16247', '8525', '7721', 52.50, '04-07 10:57:05', '2020-04-07 02:57:05');
INSERT INTO `mem_state` VALUES ('b6b6bff9405c4c63b63312ea5d6bdbbc', '192.168.1.2', '16247', '8074', '8172', 49.70, '04-07 11:22:17', '2020-04-07 03:22:17');
INSERT INTO `mem_state` VALUES ('b6f97c8743f54916a672165b24fa2d6e', '192.168.1.2', '16247', '9246', '7001', 56.90, '04-03 12:53:36', '2020-04-03 12:53:36');
INSERT INTO `mem_state` VALUES ('b75824a26a5846c1902209fbcdcc8714', '192.168.1.2', '16247', '9463', '6783', 58.20, '04-03 11:30:28', '2020-04-03 11:30:28');
INSERT INTO `mem_state` VALUES ('b7d2b147158a43c18e7cbd41880e58d9', '192.168.1.2', '16247', '7857', '8390', 48.40, '04-07 13:25:23', '2020-04-07 05:25:23');
INSERT INTO `mem_state` VALUES ('bb001d45415340929178cc18d9ef5f0c', '192.168.1.2', '16247', '8518', '7729', 52.40, '04-07 14:42:40', '2020-04-07 06:42:40');
INSERT INTO `mem_state` VALUES ('bb226e37f0e94b8f9f3b8de7786c97fb', '192.168.1.2', '16247', '8506', '7741', 52.40, '04-07 16:01:18', '2020-04-07 08:01:18');
INSERT INTO `mem_state` VALUES ('bd4b994cdaef43378f978d052ee308b8', '192.168.1.2', '16247', '8422', '7825', 51.80, '04-07 16:07:18', '2020-04-07 08:07:18');
INSERT INTO `mem_state` VALUES ('becc4af862514eafaecc2ee1259e370d', '192.168.1.2', '16247', '8808', '7438', 54.20, '04-07 16:30:21', '2020-04-07 08:30:21');
INSERT INTO `mem_state` VALUES ('bf8fc2838bce43d59e3c431140d3c637', '192.168.1.2', '16247', '8144', '8102', 50.10, '04-07 15:30:40', '2020-04-07 07:30:40');
INSERT INTO `mem_state` VALUES ('c6bbfbe5c2744df182d56aa85120099e', '192.168.1.2', '16247', '8625', '7621', 53.10, '04-07 14:35:10', '2020-04-07 06:35:10');
INSERT INTO `mem_state` VALUES ('c7311cad6a944969b37a37a6c543dc94', '192.168.1.2', '16247', '9417', '6829', 58.00, '04-03 12:52:06', '2020-04-03 12:52:06');
INSERT INTO `mem_state` VALUES ('cafd15a808a94e31bd844e56f30e6423', '192.168.1.2', '16247', '9064', '7182', 55.80, '04-03 12:58:06', '2020-04-03 12:58:06');
INSERT INTO `mem_state` VALUES ('ccb04baf672646d0aa7c7b202da55ba7', '192.168.1.2', '16247', '9610', '6636', 59.10, '04-03 11:34:58', '2020-04-03 11:34:58');
INSERT INTO `mem_state` VALUES ('cd8d3aab100b4338b506ce1410a4c0c7', '192.168.1.2', '16247', '9278', '6968', 57.10, '04-03 11:57:47', '2020-04-03 11:57:47');
INSERT INTO `mem_state` VALUES ('cdaf96c6fe0f4505b467c27d65814824', '192.168.1.2', '16247', '8173', '8074', 50.30, '04-07 15:26:10', '2020-04-07 07:26:10');
INSERT INTO `mem_state` VALUES ('cddbf6301d314dcca3f57bb9dbe7f747', '192.168.1.2', '16247', '9122', '7124', 56.10, '04-03 12:07:25', '2020-04-03 12:07:25');
INSERT INTO `mem_state` VALUES ('ce049eac748747ca861d1faa3c5a2b9b', '192.168.1.2', '16247', '8129', '8117', 50.00, '04-03 14:10:53', '2020-04-03 14:10:53');
INSERT INTO `mem_state` VALUES ('ce26f20af9754d22a158a8486c07ee9d', '192.168.1.2', '16247', '8544', '7702', 52.60, '04-07 15:11:10', '2020-04-07 07:11:10');
INSERT INTO `mem_state` VALUES ('d12211718e0e48c899588f8e234d4ec5', '192.168.1.2', '16247', '8370', '7876', 51.50, '04-07 15:40:26', '2020-04-07 07:40:26');
INSERT INTO `mem_state` VALUES ('d143829f1486436eaa3ca932722d9d57', '192.168.1.2', '16247', '9205', '7041', 56.70, '04-03 12:14:36', '2020-04-03 12:14:36');
INSERT INTO `mem_state` VALUES ('d18fd431f40a46b492c378bb251f878e', '192.168.1.2', '16247', '9402', '6845', 57.90, '04-03 11:54:04', '2020-04-03 11:54:04');
INSERT INTO `mem_state` VALUES ('d1e7406fe1d94e41ad2d8c52c305967a', '192.168.1.2', '16247', '8628', '7618', 53.10, '04-07 16:28:51', '2020-04-07 08:28:51');
INSERT INTO `mem_state` VALUES ('d65ac293bba14d6da44b0f2da0075742', '192.168.1.2', '16247', '9582', '6665', 59.00, '04-03 11:31:58', '2020-04-03 11:31:58');
INSERT INTO `mem_state` VALUES ('d67d30c27ff3489ea1f6679585804718', '192.168.1.2', '16247', '9332', '6914', 57.40, '04-03 11:52:34', '2020-04-03 11:52:34');
INSERT INTO `mem_state` VALUES ('d832bb21a652440ea624146ae244dbc1', '192.168.1.2', '16247', '8330', '7917', 51.30, '04-07 16:22:51', '2020-04-07 08:22:51');
INSERT INTO `mem_state` VALUES ('d8ad0333a8d54a5e848d6c403346b382', '192.168.1.2', '16247', '9473', '6773', 58.30, '04-03 11:27:28', '2020-04-03 11:27:28');
INSERT INTO `mem_state` VALUES ('d94c5ba0ec834ee38216abe76669b65d', '192.168.1.2', '16247', '8458', '7789', 52.10, '04-07 16:04:18', '2020-04-07 08:04:18');
INSERT INTO `mem_state` VALUES ('da598af9715647298743c896268dae85', '192.168.1.2', '16247', '9552', '6694', 58.80, '04-03 11:42:57', '2020-04-03 11:42:57');
INSERT INTO `mem_state` VALUES ('daca1d36dc074bd796cc72747d52e381', '192.168.1.2', '16247', '9218', '7029', 56.70, '04-03 12:13:06', '2020-04-03 12:13:06');
INSERT INTO `mem_state` VALUES ('dc07562502da4ffcab8501ae386ddf7c', '192.168.1.2', '16247', '8042', '8204', 49.50, '04-07 11:37:18', '2020-04-07 03:37:18');
INSERT INTO `mem_state` VALUES ('dd43dc2c39f0477e94de14d3e6901751', '192.168.1.2', '16247', '9723', '6523', 59.80, '04-03 11:37:58', '2020-04-03 11:37:58');
INSERT INTO `mem_state` VALUES ('de196a5017e842efb7f188ef2fc7bb04', '192.168.1.2', '16247', '8626', '7620', 53.10, '04-03 12:40:06', '2020-04-03 12:40:06');
INSERT INTO `mem_state` VALUES ('de46f9b7ebe04fd8b5874c42af5ae289', '192.168.1.2', '16247', '7853', '8393', 48.30, '04-07 13:28:06', '2020-04-07 05:28:06');
INSERT INTO `mem_state` VALUES ('dedf9ecbe0fb4a46913a19cd11e9492c', '192.168.1.2', '16247', '8165', '8081', 50.30, '04-07 15:15:40', '2020-04-07 07:15:40');
INSERT INTO `mem_state` VALUES ('e0c271e922664baeabed0f781bf9bf0f', '192.168.1.2', '16247', '8228', '8018', 50.60, '04-07 11:06:33', '2020-04-07 03:06:33');
INSERT INTO `mem_state` VALUES ('e122ba81f57544a58a24ac0c8a502c4e', '192.168.1.2', '16247', '9162', '7084', 56.40, '04-03 11:59:17', '2020-04-03 11:59:17');
INSERT INTO `mem_state` VALUES ('e1287e261db04c7dba2bbda025932dda', '192.168.1.2', '16247', '7717', '8529', 47.50, '04-07 13:44:09', '2020-04-07 05:44:09');
INSERT INTO `mem_state` VALUES ('e20e39f7b05a4d58a9c8d69a66addfa5', '192.168.1.2', '16247', '8609', '7638', 53.00, '04-07 14:45:40', '2020-04-07 06:45:40');
INSERT INTO `mem_state` VALUES ('e2e33410766a47ad9716217329655757', '192.168.1.2', '16247', '8554', '7693', 52.60, '04-07 15:54:07', '2020-04-07 07:54:07');
INSERT INTO `mem_state` VALUES ('e5d9535885414bc99f6dd81d8c3737a4', '192.168.1.2', '16247', '8280', '7967', 51.00, '04-07 16:24:21', '2020-04-07 08:24:21');
INSERT INTO `mem_state` VALUES ('e6acd9701a5c4339adb7e76d33451b8c', '192.168.1.2', '16247', '8554', '7692', 52.60, '04-03 12:35:36', '2020-04-03 12:35:36');
INSERT INTO `mem_state` VALUES ('e70e62b72048420c8df787c4e59b1f4b', '192.168.1.2', '16247', '7882', '8364', 48.50, '04-07 11:38:48', '2020-04-07 03:38:48');
INSERT INTO `mem_state` VALUES ('e72b134dbde2473892cd866a12a622aa', '192.168.1.2', '16247', '8172', '8075', 50.30, '04-07 11:01:35', '2020-04-07 03:01:35');
INSERT INTO `mem_state` VALUES ('e80d11e2ee01456fba60c0c4dad79666', '192.168.1.2', '16247', '8932', '7314', 55.00, '04-03 12:47:36', '2020-04-03 12:47:36');
INSERT INTO `mem_state` VALUES ('e87ed3fd7aa74a7e8c4ace3e75cc1fc7', '192.168.1.2', '16247', '7642', '8604', 47.00, '04-07 13:38:51', '2020-04-07 05:38:51');
INSERT INTO `mem_state` VALUES ('e8b146f39b744b7ab7a67132b0e96349', '192.168.1.2', '16247', '8372', '7874', 51.50, '04-07 15:57:07', '2020-04-07 07:57:07');
INSERT INTO `mem_state` VALUES ('e8b683b13ad54e54a31e34a2c62a0b1c', '192.168.1.2', '16247', '7875', '8371', 48.50, '04-07 13:18:20', '2020-04-07 05:18:20');
INSERT INTO `mem_state` VALUES ('e8ecc8b0ebc84af598509862872dbf04', '192.168.1.2', '16247', '8637', '7610', 53.20, '04-03 12:43:06', '2020-04-03 12:43:06');
INSERT INTO `mem_state` VALUES ('e9454fdabc5a47a59ee6ed9e0bb84871', '192.168.1.2', '16247', '7960', '8286', 49.00, '04-07 13:22:59', '2020-04-07 05:22:59');
INSERT INTO `mem_state` VALUES ('e966a39391574908860ffca9ed57ac14', '192.168.1.2', '16247', '8167', '8079', 50.30, '04-07 15:27:40', '2020-04-07 07:27:40');
INSERT INTO `mem_state` VALUES ('eb60c530498a43bb8b9473dbd23a26b0', '192.168.1.2', '16247', '9079', '7167', 55.90, '04-03 13:32:12', '2020-04-03 13:32:12');
INSERT INTO `mem_state` VALUES ('ebaf91a1a8ea46b5b5322598377d613c', '192.168.1.2', '16247', '9089', '7157', 55.90, '04-03 13:38:14', '2020-04-03 13:38:14');
INSERT INTO `mem_state` VALUES ('ec355fd8c1404ab4b756b29d2fcbc52c', '192.168.1.2', '16247', '8691', '7556', 53.50, '04-03 12:22:06', '2020-04-03 12:22:06');
INSERT INTO `mem_state` VALUES ('ee99a8904bc3495abe1e7cee39aaf721', '192.168.1.2', '16247', '9167', '7079', 56.40, '04-03 13:35:14', '2020-04-03 13:35:14');
INSERT INTO `mem_state` VALUES ('eeddd05f87ea473b821ea8e69b1653ef', '192.168.1.2', '16247', '7786', '8460', 47.90, '04-07 13:41:51', '2020-04-07 05:41:51');
INSERT INTO `mem_state` VALUES ('ef2118a3e62341cbbe694b157f94bfc3', '192.168.1.2', '16247', '8647', '7600', 53.20, '04-03 12:41:36', '2020-04-03 12:41:36');
INSERT INTO `mem_state` VALUES ('f0863b24adab422baed4ff2f3b33acee', '192.168.1.2', '16247', '8531', '7715', 52.50, '04-07 16:27:21', '2020-04-07 08:27:21');
INSERT INTO `mem_state` VALUES ('f1a4357a4a464c30880b7d2c3a778759', '192.168.1.2', '16247', '8240', '8006', 50.70, '04-07 14:53:10', '2020-04-07 06:53:10');
INSERT INTO `mem_state` VALUES ('f1bb5fe792224e10bddfe3e69611201c', '192.168.1.2', '16247', '8336', '7911', 51.30, '04-07 14:36:40', '2020-04-07 06:36:40');
INSERT INTO `mem_state` VALUES ('f1db5a4372c5466cb75c3875bea30a36', '192.168.1.2', '16247', '8041', '8205', 49.50, '04-07 11:35:48', '2020-04-07 03:35:48');
INSERT INTO `mem_state` VALUES ('f3d166a7fb324bdf992152b423031197', '192.168.1.2', '16247', '9183', '7064', 56.50, '04-03 12:55:06', '2020-04-03 12:55:06');
INSERT INTO `mem_state` VALUES ('f68b7fe78cd1453bafb26405cddd77cc', '192.168.1.2', '16247', '8295', '7952', 51.10, '04-07 14:48:40', '2020-04-07 06:48:40');
INSERT INTO `mem_state` VALUES ('f68fc514ee5b490492cd5b4fbad3d142', '192.168.1.2', '16247', '9666', '6580', 59.50, '04-03 11:36:28', '2020-04-03 11:36:28');
INSERT INTO `mem_state` VALUES ('f7296536cf674601a90461ea1a84d1e5', '192.168.1.2', '16247', '8091', '8156', 49.80, '04-03 14:03:04', '2020-04-03 14:03:04');
INSERT INTO `mem_state` VALUES ('f8d138de12884024ada4476212b4f946', '192.168.1.2', '16247', '8651', '7595', 53.20, '04-03 13:26:12', '2020-04-03 13:26:12');
INSERT INTO `mem_state` VALUES ('f8ec36d4ecc34f459e786b1838dc6fbb', '192.168.1.2', '16247', '9068', '7178', 55.80, '04-03 12:03:47', '2020-04-03 12:03:47');
INSERT INTO `mem_state` VALUES ('fe702cf1089745a3adfa53f9b43aeb5c', '192.168.1.2', '16247', '8446', '7801', 52.00, '04-07 14:23:10', '2020-04-07 06:23:10');
INSERT INTO `mem_state` VALUES ('feac274e0e43460e9b8241ed3b2b1601', '192.168.1.2', '16247', '8781', '7465', 54.00, '04-07 11:52:02', '2020-04-07 03:52:02');
INSERT INTO `mem_state` VALUES ('ff7d2c7e85344ef9865f7a1bb18b9efc', '192.168.1.2', '16247', '8770', '7477', 54.00, '04-07 11:58:02', '2020-04-07 03:58:02');
INSERT INTO `mem_state` VALUES ('ffcd551fb91a479eb106b9cfd4799150', '192.168.1.2', '16247', '8442', '7804', 52.00, '04-07 11:47:32', '2020-04-07 03:47:32');

-- ----------------------------
-- Table structure for netio_state
-- ----------------------------
DROP TABLE IF EXISTS `netio_state`;
CREATE TABLE `netio_state`  (
  `ID` char(32) CHARACTER SET utf8 COLLATE utf8_general_ci NOT NULL,
  `HOST_NAME` char(30) CHARACTER SET utf8 COLLATE utf8_general_ci NULL DEFAULT NULL,
  `RXPCK` char(30) CHARACTER SET utf8 COLLATE utf8_general_ci NULL DEFAULT NULL,
  `TXPCK` char(30) CHARACTER SET utf8 COLLATE utf8_general_ci NULL DEFAULT NULL,
  `RXBYT` char(30) CHARACTER SET utf8 COLLATE utf8_general_ci NULL DEFAULT NULL,
  `TXBYT` char(30) CHARACTER SET utf8 COLLATE utf8_general_ci NULL DEFAULT NULL,
  `RXCMP` char(30) CHARACTER SET utf8 COLLATE utf8_general_ci NULL DEFAULT NULL,
  `TXCMP` char(30) CHARACTER SET utf8 COLLATE utf8_general_ci NULL DEFAULT NULL,
  `RXMCST` char(30) CHARACTER SET utf8 COLLATE utf8_general_ci NULL DEFAULT NULL,
  `DATE_STR` char(30) CHARACTER SET utf8 COLLATE utf8_general_ci NULL DEFAULT NULL,
  `CREATE_TIME` timestamp(0) NULL DEFAULT NULL,
  PRIMARY KEY (`ID`) USING BTREE,
  INDEX `NETIO_ACC_HOST_INDEX`(`HOST_NAME`, `CREATE_TIME`) USING BTREE
) ENGINE = InnoDB CHARACTER SET = utf8 COLLATE = utf8_general_ci ROW_FORMAT = Dynamic;

-- ----------------------------
-- Records of netio_state
-- ----------------------------
INSERT INTO `netio_state` VALUES ('00f0759fef1d41fa9eca40a5d98eb6f6', '192.168.1.2', '125', '106', '11', '6', NULL, NULL, NULL, '04-07 15:59:48', '2020-04-07 07:59:48');
INSERT INTO `netio_state` VALUES ('120f5c28c4244067b09f8c969212e6e7', '192.168.1.2', '125', '106', '11', '7', NULL, NULL, NULL, '04-07 16:11:48', '2020-04-07 08:11:48');
INSERT INTO `netio_state` VALUES ('265bfdf49793406e8d8d099d6c0340c1', '192.168.1.2', '125', '106', '11', '7', NULL, NULL, NULL, '04-07 16:27:21', '2020-04-07 08:27:21');
INSERT INTO `netio_state` VALUES ('340f8d5283c5459685312394958b91fc', '192.168.1.2', '125', '106', '11', '7', NULL, NULL, NULL, '04-07 16:30:21', '2020-04-07 08:30:21');
INSERT INTO `netio_state` VALUES ('38999d1af4b149ec8fe9ed4e98eefa0f', '192.168.1.2', '125', '106', '11', '7', NULL, NULL, NULL, '04-07 16:17:48', '2020-04-07 08:17:48');
INSERT INTO `netio_state` VALUES ('64eff00778ce4f41a3637811dab3595a', '192.168.1.2', '125', '106', '11', '7', NULL, NULL, NULL, '04-07 16:19:18', '2020-04-07 08:19:18');
INSERT INTO `netio_state` VALUES ('68ed84105acd45b0a1efc5808783fa25', '192.168.1.2', '125', '106', '11', '7', NULL, NULL, NULL, '04-07 16:25:51', '2020-04-07 08:25:51');
INSERT INTO `netio_state` VALUES ('75353493f21340708fb6741cae9d4315', '192.168.1.2', '125', '106', '11', '7', NULL, NULL, NULL, '04-07 16:13:18', '2020-04-07 08:13:18');
INSERT INTO `netio_state` VALUES ('76f1d9e2306044eebe7b936c30964042', '192.168.1.2', '125', '106', '11', '7', NULL, NULL, NULL, '04-07 16:16:18', '2020-04-07 08:16:18');
INSERT INTO `netio_state` VALUES ('81a2e2f13f584d7fa6d82e572d6e2379', '192.168.1.2', '125', '106', '11', '7', NULL, NULL, NULL, '04-07 16:07:18', '2020-04-07 08:07:18');
INSERT INTO `netio_state` VALUES ('8964ac657bb143df9789d86d21835aed', '192.168.1.2', '125', '106', '11', '7', NULL, NULL, NULL, '04-07 16:24:21', '2020-04-07 08:24:21');
INSERT INTO `netio_state` VALUES ('a0a4040b0ebc4edcb01d7f68ed7672e3', '192.168.1.2', '125', '106', '11', '7', NULL, NULL, NULL, '04-07 16:21:21', '2020-04-07 08:21:21');
INSERT INTO `netio_state` VALUES ('b868d37fc19742bd9e77b33db1b7022f', '192.168.1.2', '125', '106', '11', '7', NULL, NULL, NULL, '04-07 16:10:18', '2020-04-07 08:10:18');
INSERT INTO `netio_state` VALUES ('c4921513dca14ca8828765274b2b7eb7', '192.168.1.2', '125', '106', '11', '7', NULL, NULL, NULL, '04-07 16:28:51', '2020-04-07 08:28:51');
INSERT INTO `netio_state` VALUES ('cade4c2404ba4db0971303330013b709', '192.168.1.2', '125', '106', '11', '7', NULL, NULL, NULL, '04-07 16:04:18', '2020-04-07 08:04:18');
INSERT INTO `netio_state` VALUES ('dba74639a93f48709a23c6443ec30f8b', '192.168.1.2', '125', '106', '11', '6', NULL, NULL, NULL, '04-07 16:01:18', '2020-04-07 08:01:18');
INSERT INTO `netio_state` VALUES ('f4b200ebfc9c4048a4f64004abfd1e79', '192.168.1.2', '125', '106', '11', '7', NULL, NULL, NULL, '04-07 16:22:51', '2020-04-07 08:22:51');

-- ----------------------------
-- Table structure for sys_load_state
-- ----------------------------
DROP TABLE IF EXISTS `sys_load_state`;
CREATE TABLE `sys_load_state`  (
  `ID` char(32) CHARACTER SET utf8 COLLATE utf8_general_ci NOT NULL,
  `HOST_NAME` char(30) CHARACTER SET utf8 COLLATE utf8_general_ci NULL DEFAULT NULL,
  `ONE_LOAD` double(8, 2) NULL DEFAULT NULL,
  `FIVE_LOAD` double(8, 2) NULL DEFAULT NULL,
  `FIFTEEN_LOAD` double(8, 2) NULL DEFAULT NULL,
  `USERS` char(10) CHARACTER SET utf8 COLLATE utf8_general_ci NULL DEFAULT NULL,
  `DATE_STR` char(30) CHARACTER SET utf8 COLLATE utf8_general_ci NULL DEFAULT NULL,
  `CREATE_TIME` timestamp(0) NULL DEFAULT NULL,
  PRIMARY KEY (`ID`) USING BTREE,
  INDEX `LOAD_ACC_HOST_INDEX`(`HOST_NAME`, `CREATE_TIME`) USING BTREE
) ENGINE = InnoDB CHARACTER SET = utf8 COLLATE = utf8_general_ci ROW_FORMAT = Dynamic;

-- ----------------------------
-- Table structure for system_info
-- ----------------------------
DROP TABLE IF EXISTS `system_info`;
CREATE TABLE `system_info`  (
  `ID` char(32) CHARACTER SET utf8 COLLATE utf8_general_ci NOT NULL,
  `HOST_NAME` char(30) CHARACTER SET utf8 COLLATE utf8_general_ci NULL DEFAULT NULL,
  `VERSION` char(100) CHARACTER SET utf8 COLLATE utf8_general_ci NULL DEFAULT NULL,
  `VERSION_DETAIL` char(200) CHARACTER SET utf8 COLLATE utf8_general_ci NULL DEFAULT NULL,
  `CPU_PER` double(8, 2) NULL DEFAULT NULL,
  `MEM_PER` double(8, 2) NULL DEFAULT NULL,
  `CPU_CORE_NUM` char(10) CHARACTER SET utf8 COLLATE utf8_general_ci NULL DEFAULT NULL,
  `CREATE_TIME` timestamp(0) NULL DEFAULT NULL,
  `CPU_XH` char(150) CHARACTER SET utf8 COLLATE utf8_general_ci NULL DEFAULT NULL,
  `STATE` char(1) CHARACTER SET utf8 COLLATE utf8_general_ci NULL DEFAULT NULL,
  PRIMARY KEY (`ID`) USING BTREE
) ENGINE = InnoDB CHARACTER SET = utf8 COLLATE = utf8_general_ci ROW_FORMAT = Dynamic;

-- ----------------------------
-- Records of system_info
-- ----------------------------
INSERT INTO `system_info` VALUES ('e32d44dc267b4f638a624d88f7a47fe0', '192.168.1.2', '10.0', '10.015.87G', 15.70, 54.20, '4', '2020-04-07 08:30:21', 'Core(TM) i5-7500 CPU @ 3.40GHz', '1');

-- ----------------------------
-- Table structure for tcp_state
-- ----------------------------
DROP TABLE IF EXISTS `tcp_state`;
CREATE TABLE `tcp_state`  (
  `ID` char(32) CHARACTER SET utf8 COLLATE utf8_general_ci NOT NULL,
  `HOST_NAME` char(30) CHARACTER SET utf8 COLLATE utf8_general_ci NULL DEFAULT NULL,
  `ACTIVE` char(30) CHARACTER SET utf8 COLLATE utf8_general_ci NULL DEFAULT NULL,
  `PASSIVE` char(30) CHARACTER SET utf8 COLLATE utf8_general_ci NULL DEFAULT NULL,
  `RETRANS` char(30) CHARACTER SET utf8 COLLATE utf8_general_ci NULL DEFAULT NULL,
  `DATE_STR` char(30) CHARACTER SET utf8 COLLATE utf8_general_ci NULL DEFAULT NULL,
  `CREATE_TIME` timestamp(0) NULL DEFAULT NULL,
  PRIMARY KEY (`ID`) USING BTREE,
  INDEX `TCP_ACC_HOST_INDEX`(`HOST_NAME`, `CREATE_TIME`) USING BTREE
) ENGINE = InnoDB CHARACTER SET = utf8 COLLATE = utf8_general_ci ROW_FORMAT = Dynamic;

SET FOREIGN_KEY_CHECKS = 1;
